video_name,predicted_class
video_1000,9
video_100051,30
video_100065,24
video_100078,30
video_100121,23
video_100164,18
video_100187,10
video_100195,30
video_100218,10
video_100219,30
video_100237,1
video_100249,18
video_100288,4
video_100315,5
video_100347,7
video_100445,0
video_100461,9
video_100490,25
video_100530,23
video_100557,7
video_100566,10
video_100581,4
video_100599,23
video_10064,30
video_100656,1
video_100766,29
video_10077,23
video_100827,20
video_100837,31
video_100865,31
video_100879,22
video_100889,4
video_10090,29
video_100934,15
video_101005,29
video_101012,12
video_101046,10
video_101051,0
video_101062,10
video_101174,32
video_101183,23
video_101229,30
video_101240,22
video_10125,5
video_101261,29
video_101298,25
video_101370,12
video_101401,28
video_101481,22
video_101514,0
video_101532,20
video_101559,22
video_101631,8
video_101665,2
video_101697,29
video_101722,28
video_101797,7
video_101814,6
video_101828,28
video_101854,30
video_101907,4
video_101908,28
video_101913,18
video_101922,31
video_101937,3
video_101978,18
video_101988,12
video_102053,1
video_102145,5
video_102185,2
video_10221,2
video_102257,8
video_102285,20
video_102323,5
video_102327,14
video_102333,28
video_102350,12
video_102367,22
video_102379,10
video_102396,31
video_102397,5
video_102471,12
video_102482,5
video_102495,1
video_10257,12
video_102598,10
video_102607,18
video_102636,20
video_102649,31
video_102695,9
video_102703,10
video_102747,28
video_10275,12
video_102769,9
video_102770,3
video_102799,1
video_102811,4
video_102832,30
video_102833,7
video_102871,8
video_102920,30
video_10294,28
video_102950,22
video_102977,20
video_102991,19
video_102996,5
video_103017,4
video_103028,12
video_103043,1
video_103045,7
video_103064,5
video_103120,12
video_103152,0
video_103155,4
video_103189,30
video_103288,3
video_103305,10
video_10331,17
video_103381,3
video_103439,1
video_103447,20
video_103491,14
video_103495,7
video_103511,23
video_103525,20
video_103534,10
video_103593,1
video_103684,28
video_103777,20
video_103789,6
video_10381,9
video_103815,23
video_103896,23
video_103914,9
video_103917,23
video_103923,29
video_103949,31
video_103960,9
video_103999,22
video_104062,5
video_104089,9
video_104098,14
video_104180,9
video_104201,31
video_104205,2
video_104233,3
video_104277,19
video_104331,29
video_104339,28
video_104363,7
video_10438,9
video_104386,2
video_104410,18
video_104414,25
video_104416,6
video_104424,32
video_10448,3
video_104482,9
video_104488,2
video_104516,29
video_104523,7
video_10455,1
video_104560,31
video_104592,28
video_104598,30
video_104602,22
video_104636,29
video_10465,22
video_104660,30
video_104734,10
video_104737,4
video_104755,28
video_104758,9
video_104762,24
video_104876,8
video_104880,1
video_104892,28
video_1049,22
video_104943,28
video_105004,4
video_105058,31
video_105082,30
video_105133,2
video_105141,14
video_105154,31
video_105187,8
video_105204,0
video_105280,5
video_105337,28
video_105364,29
video_105485,6
video_105550,19
video_105554,14
video_105563,5
video_10565,29
video_105653,9
video_105657,8
video_105670,9
video_105674,1
video_105738,28
video_10581,28
video_105855,20
video_105876,22
video_105904,9
video_105907,32
video_105933,10
video_105980,30
video_106008,1
video_10602,9
video_106065,5
video_106066,30
video_106121,29
video_106128,30
video_106153,10
video_106158,6
video_106201,14
video_106205,29
video_106226,9
video_106234,30
video_106299,28
video_106385,2
video_106464,6
video_106569,1
video_106589,15
video_106649,5
video_106690,9
video_106695,0
video_106768,9
video_106793,30
video_106868,21
video_106893,20
video_106897,21
video_106938,10
video_106969,29
video_106981,23
video_106982,31
video_10701,5
video_107027,19
video_107049,5
video_10705,20
video_107055,8
video_107056,1
video_107093,8
video_107124,23
video_107193,0
video_107200,31
video_107210,29
video_107220,22
video_107227,14
video_107241,25
video_107290,5
video_107311,6
video_10737,9
video_107379,4
video_10741,5
video_107428,11
video_107516,1
video_107540,28
video_107541,20
video_107552,8
video_107562,0
video_107653,24
video_107665,12
video_107684,18
video_107734,6
video_107746,21
video_107764,17
video_107807,1
video_107832,24
video_107841,6
video_107842,20
video_107904,8
video_107980,9
video_107991,20
video_107994,5
video_108009,30
video_108043,15
video_108059,8
video_108060,30
video_108078,19
video_108131,2
video_108194,9
video_108207,12
video_108214,4
video_108269,30
video_108298,12
video_108340,9
video_108354,1
video_108356,19
video_108370,24
video_108405,1
video_108428,5
video_10850,0
video_108511,28
video_10852,5
video_108534,25
video_108586,7
video_108594,28
video_1086,6
video_108605,0
video_108634,3
video_108639,28
video_108689,9
video_108692,28
video_10872,29
video_108751,21
video_108775,6
video_10879,14
video_108805,9
video_10886,1
video_108882,9
video_108893,1
video_108990,32
video_109000,21
video_109069,14
video_10910,18
video_109115,5
video_109117,5
video_109182,17
video_109199,29
video_10926,28
video_109275,19
video_109301,18
video_109323,1
video_10933,5
video_109345,19
video_109368,4
video_109372,1
video_109427,21
video_109438,28
video_109473,13
video_109556,31
video_109559,25
video_109585,29
video_109674,25
video_109691,31
video_109749,2
video_109762,23
video_109769,22
video_109779,23
video_109849,23
video_109896,8
video_109942,12
video_109974,22
video_109996,14
video_11,20
video_11000,3
video_110045,20
video_110088,6
video_110097,4
video_11014,22
video_110144,14
video_110227,29
video_110265,22
video_110277,28
video_110306,30
video_11033,5
video_110357,5
video_110415,3
video_110429,1
video_110466,6
video_110538,1
video_11062,3
video_110636,31
video_110644,29
video_11065,7
video_110652,8
video_110729,20
video_110739,7
video_110771,22
video_110787,9
video_110810,10
video_110831,1
video_110834,30
video_110914,4
video_110960,1
video_110981,18
video_110984,31
video_11102,20
video_111051,9
video_111096,30
video_11110,1
video_111126,25
video_111133,24
video_111136,17
video_111139,31
video_111399,9
video_111462,12
video_111481,14
video_111485,9
video_111498,9
video_111571,1
video_111572,28
video_111577,4
video_111611,22
video_111617,4
video_111622,8
video_111669,22
video_111685,3
video_111715,30
video_111734,30
video_111760,10
video_111776,20
video_111779,28
video_111782,3
video_111865,23
video_111916,21
video_111917,9
video_111951,5
video_111956,21
video_111980,5
video_111982,4
video_11202,31
video_112036,22
video_11205,4
video_112062,19
video_11207,10
video_11208,4
video_11211,7
video_112115,12
video_112127,21
video_112138,2
video_112145,32
video_112190,29
video_112203,21
video_112219,18
video_112242,9
video_112249,14
video_112323,4
video_112355,7
video_112359,18
video_112384,1
video_112398,31
video_112439,19
video_112446,9
video_112473,31
video_112520,3
video_112526,4
video_112562,30
video_1126,8
video_112623,25
video_112625,10
video_112634,23
video_112652,31
video_112693,20
video_112700,12
video_112729,30
video_112875,14
video_112887,31
video_112888,9
video_112914,18
video_112950,9
video_112960,3
video_112973,4
video_113032,12
video_113037,2
video_113039,31
video_113118,0
video_113150,4
video_113183,6
video_1132,31
video_113218,25
video_113255,28
video_113256,9
video_113299,9
video_113310,25
video_113400,22
video_113452,19
video_113518,9
video_113546,20
video_113560,1
video_113605,6
video_113665,30
video_113671,23
video_113754,18
video_113819,21
video_113835,29
video_113841,10
video_113891,9
video_113900,12
video_113956,29
video_113967,4
video_113985,19
video_114021,0
video_11403,12
video_114051,5
video_114167,28
video_114189,6
video_114197,0
video_114208,1
video_114223,16
video_114259,8
video_114288,22
video_114292,21
video_114302,10
video_114353,21
video_114369,23
video_114388,30
video_114391,19
video_114395,30
video_114420,10
video_114464,1
video_114483,22
video_114498,8
video_114519,18
video_114531,0
video_114559,30
video_114587,1
video_114598,4
video_114604,1
video_114623,14
video_114643,9
video_114684,5
video_114713,24
video_114801,29
video_114831,13
video_114882,12
video_11489,3
video_114919,5
video_114936,9
video_114952,28
video_114963,31
video_114970,8
video_114984,31
video_115029,10
video_115065,30
video_115077,9
video_115179,9
video_115199,20
video_115298,5
video_115317,5
video_115318,1
video_115328,4
video_11534,22
video_115340,1
video_11535,9
video_115363,4
video_115366,20
video_115388,1
video_115415,14
video_115442,9
video_115466,12
video_11547,7
video_115476,9
video_11549,18
video_115537,29
video_115558,24
video_115598,20
video_115603,1
video_115695,30
video_115696,22
video_115760,7
video_115769,8
video_115785,1
video_115787,2
video_11579,10
video_115798,30
video_115801,29
video_11583,8
video_115838,14
video_115941,29
video_116039,9
video_116089,8
video_116101,32
video_11611,9
video_116187,12
video_116215,12
video_116225,20
video_11630,19
video_116408,3
video_116409,0
video_116426,22
video_11645,10
video_116505,7
video_116542,14
video_116556,31
video_11656,0
video_116577,9
video_116587,25
video_116599,4
video_116628,6
video_116649,29
video_116678,1
video_116703,28
video_116752,10
video_11685,7
video_116890,9
video_1169,7
video_116908,0
video_116937,29
video_116994,32
video_11701,23
video_117122,4
video_117176,9
video_117181,23
video_117259,21
video_117275,8
video_117365,31
video_117405,22
video_11743,29
video_117476,20
video_117496,12
video_117503,4
video_117522,24
video_117529,25
video_117542,8
video_117545,24
video_117580,8
video_117607,3
video_117632,9
video_117657,21
video_11767,20
video_117709,30
video_117737,22
video_117783,1
video_117795,9
video_117812,31
video_117834,19
video_11784,24
video_11803,12
video_118034,12
video_118050,18
video_118060,19
video_118063,8
video_118081,8
video_118098,17
video_118127,4
video_118147,31
video_11815,20
video_118157,4
video_118198,31
video_118200,0
video_118215,8
video_118226,19
video_118249,12
video_118263,10
video_118330,7
video_118334,5
video_118337,14
video_118351,25
video_118390,30
video_118453,29
video_118513,7
video_118519,12
video_118522,4
video_118534,5
video_118548,23
video_118599,25
video_118630,1
video_118659,23
video_118665,8
video_118669,30
video_118683,1
video_118754,10
video_118765,19
video_118823,12
video_11886,4
video_118866,9
video_118883,2
video_118916,24
video_118928,20
video_118951,30
video_118952,21
video_119006,10
video_11901,12
video_119011,28
video_119036,28
video_119093,22
video_11912,4
video_119127,9
video_119150,30
video_11919,20
video_119202,12
video_119221,5
video_119226,0
video_119248,29
video_119290,9
video_119299,9
video_119309,3
video_119315,12
video_119363,22
video_119385,2
video_119389,0
video_119393,30
video_119399,32
video_11941,24
video_119490,4
video_11950,9
video_119574,31
video_119577,31
video_119583,8
video_119586,30
video_119591,21
video_119618,23
video_119665,30
video_11972,1
video_119725,28
video_119738,29
video_119741,12
video_119788,7
video_119804,29
video_119876,21
video_119893,20
video_119967,6
video_11997,24
video_119996,1
video_120039,30
video_120075,0
video_120104,31
video_120118,12
video_120170,9
video_120194,0
video_120234,28
video_120236,20
video_120251,6
video_120257,28
video_120281,6
video_120304,31
video_120325,22
video_120326,30
video_120327,0
video_12036,30
video_120390,12
video_120428,14
video_12044,29
video_120449,1
video_120451,14
video_120513,2
video_120634,17
video_120717,25
video_120732,19
video_120746,28
video_120778,6
video_120792,28
video_120814,5
video_120836,0
video_12091,21
video_120958,30
video_121018,9
video_121019,30
video_121050,31
video_121082,10
video_121102,29
video_121182,30
video_121186,5
video_121207,12
video_121219,31
video_121250,23
video_121275,9
video_121278,0
video_121292,5
video_121296,24
video_121298,4
video_121307,19
video_12131,14
video_121325,0
video_121326,9
video_121380,9
video_12141,0
video_12142,12
video_121493,19
video_121514,21
video_121522,8
video_121532,12
video_121539,9
video_121550,23
video_12157,29
video_121635,29
video_121695,28
video_12170,31
video_121702,19
video_121720,30
video_121758,22
video_121771,22
video_121777,6
video_121788,5
video_121789,6
video_121820,20
video_121900,21
video_121901,17
video_122044,29
video_122080,20
video_122086,28
video_122105,23
video_122168,29
video_12217,6
video_12218,1
video_122204,22
video_122209,23
video_122217,5
video_12234,20
video_12236,12
video_122415,21
video_122422,9
video_122504,12
video_122516,20
video_12256,28
video_122572,5
video_122574,21
video_122599,30
video_12262,2
video_122649,5
video_122651,32
video_122662,9
video_122688,31
video_122710,23
video_122797,32
video_12283,29
video_122845,4
video_122846,20
video_122860,30
video_122917,1
video_123008,24
video_12302,30
video_123077,25
video_12308,9
video_123082,29
video_123090,9
video_123093,28
video_123123,8
video_123128,29
video_123138,1
video_123222,8
video_123223,23
video_123234,30
video_123242,0
video_123244,18
video_123256,32
video_12328,32
video_123313,6
video_123343,23
video_123402,31
video_123408,17
video_123435,13
video_123443,4
video_123483,8
video_123495,31
video_123545,7
video_123561,21
video_123599,2
video_12360,28
video_123643,30
video_123707,30
video_123717,12
video_123726,32
video_123732,9
video_123788,25
video_12381,0
video_123857,14
video_12393,28
video_123963,12
video_123971,31
video_124002,20
video_124018,23
video_124021,30
video_124033,25
video_124034,14
video_124077,31
video_124091,4
video_12411,5
video_124190,13
video_124252,31
video_124281,0
video_124313,25
video_124345,24
video_124366,30
video_124375,9
video_124380,29
video_12446,21
video_124469,28
video_124481,1
video_124482,12
video_124589,9
video_124592,9
video_1246,29
video_124612,19
video_12466,19
video_124723,7
video_124724,19
video_124736,22
video_124751,4
video_124818,31
video_124826,20
video_124923,10
video_124933,20
video_124980,11
video_124999,15
video_125008,19
video_125019,20
video_125028,8
video_125094,9
video_125164,5
video_125179,19
video_125203,4
video_125275,12
video_125362,30
video_125460,23
video_125492,7
video_125504,18
video_125539,0
video_125554,3
video_125561,20
video_125596,30
video_125612,1
video_125613,30
video_125665,3
video_125666,5
video_125759,2
video_125843,8
video_125876,23
video_12590,5
video_125917,28
video_126002,28
video_126005,16
video_126016,15
video_126037,8
video_126088,5
video_126118,28
video_126190,6
video_126192,1
video_126275,19
video_126354,4
video_126366,9
video_126372,1
video_126388,23
video_126391,29
video_12641,5
video_126422,29
video_126493,31
video_126527,1
video_126536,22
video_126544,30
video_126568,22
video_126579,7
video_126636,31
video_12664,9
video_126651,0
video_126714,9
video_126778,14
video_126785,20
video_126802,12
video_12683,17
video_126869,5
video_126888,5
video_126911,8
video_12694,6
video_126969,20
video_126976,30
video_126984,32
video_127095,12
video_12712,20
video_127127,8
video_127130,10
video_127302,32
video_127355,10
video_127445,1
video_127502,24
video_127541,18
video_127547,4
video_127558,5
video_1276,0
video_127614,30
video_127731,5
video_127735,31
video_127745,10
video_127808,9
video_127820,28
video_127845,29
video_127892,5
video_127898,12
video_127922,32
video_12797,20
video_127979,31
video_128000,20
video_128010,15
video_128040,6
video_128111,6
video_128134,31
video_128190,31
video_128195,31
video_128244,6
video_128274,28
video_128329,5
video_128331,2
video_128358,23
video_128366,12
video_128370,28
video_128392,9
video_128409,30
video_128414,16
video_128459,28
video_128484,8
video_128580,5
video_128590,12
video_128605,29
video_128668,4
video_128686,1
video_128689,22
video_128705,5
video_128711,28
video_128716,1
video_128723,0
video_128729,22
video_128730,9
video_128761,17
video_128770,31
video_128799,28
video_128826,30
video_128895,0
video_128901,30
video_128911,12
video_128961,9
video_128964,23
video_128973,20
video_128977,22
video_129001,30
video_12901,6
video_129059,14
video_12908,0
video_12909,7
video_129096,32
video_129128,18
video_129136,1
video_129148,2
video_129171,8
video_12918,12
video_129283,21
video_129297,9
video_1293,23
video_129370,19
video_129377,20
video_12939,5
video_129400,14
video_129401,31
video_12941,18
video_129420,30
video_129423,1
video_129451,28
video_129493,5
video_129513,14
video_129536,25
video_129546,28
video_129553,20
video_12957,30
video_129595,29
video_129597,7
video_129662,4
video_129666,9
video_12970,30
video_129708,31
video_129748,3
video_129750,5
video_129761,15
video_129772,20
video_129810,30
video_12982,4
video_129896,4
video_12991,22
video_129936,3
video_129973,23
video_13,30
video_13002,24
video_130035,13
video_13009,10
video_130148,29
video_130160,1
video_130219,2
video_130253,30
video_130265,5
video_130276,24
video_130280,10
video_130297,8
video_130314,4
video_130324,31
video_13035,4
video_130358,7
video_130360,14
video_130403,18
video_130410,31
video_130415,5
video_130447,1
video_130459,3
video_130489,11
video_13049,1
video_130495,20
video_130513,17
video_13052,7
video_130558,16
video_130565,22
video_130675,17
video_130716,25
video_130723,12
video_130766,5
video_130796,30
video_130806,12
video_130847,1
video_130864,29
video_130894,29
video_130938,5
video_130940,29
video_13104,28
video_131067,3
video_131070,12
video_131191,20
video_131201,12
video_131204,30
video_131238,25
video_131274,28
video_131286,0
video_131323,21
video_131334,20
video_131357,4
video_131364,0
video_131380,31
video_131395,5
video_13146,20
video_131463,5
video_131524,0
video_131560,6
video_131588,2
video_131680,8
video_131698,29
video_131758,2
video_131794,30
video_131814,28
video_131832,21
video_131899,30
video_131906,10
video_13193,5
video_13195,9
video_131971,4
video_132052,20
video_132056,20
video_132090,14
video_132163,29
video_132201,9
video_132228,22
video_132256,1
video_132291,29
video_132295,1
video_132357,10
video_132368,4
video_132386,30
video_132439,15
video_132445,12
video_132446,1
video_132457,9
video_132474,12
video_132537,21
video_132540,28
video_132564,18
video_132576,30
video_132586,30
video_132607,28
video_132639,29
video_132687,9
video_132709,21
video_132775,29
video_132797,8
video_132809,22
video_132831,21
video_132849,29
video_132867,12
video_13295,24
video_132985,23
video_132988,30
video_133012,10
video_133062,30
video_133075,1
video_133086,9
video_133100,1
video_133122,30
video_133128,20
video_133135,0
video_133213,7
video_133221,6
video_133228,18
video_133233,4
video_133237,0
video_133247,31
video_13330,28
video_133309,24
video_133357,3
video_133374,0
video_133379,9
video_133398,1
video_133412,29
video_133446,4
video_133464,10
video_13347,25
video_133584,29
video_133594,20
video_133633,29
video_133645,12
video_133647,1
video_133658,19
video_133685,28
video_1337,4
video_133705,9
video_133786,30
video_133818,21
video_133855,5
video_133889,30
video_13389,14
video_133895,4
video_133896,18
video_133922,5
video_133926,10
video_133956,29
video_133974,5
video_133987,31
video_134103,12
video_134112,5
video_134135,31
video_134160,25
video_134163,28
video_134202,23
video_13422,8
video_134302,30
video_134315,3
video_134327,12
video_134359,12
video_134382,22
video_134384,21
video_134395,24
video_134411,10
video_134412,7
video_134455,24
video_134495,22
video_134502,21
video_134542,8
video_134616,12
video_134619,23
video_134623,1
video_134634,31
video_134636,0
video_134643,23
video_134674,8
video_134693,20
video_134696,19
video_134705,0
video_134725,23
video_134743,0
video_134745,21
video_134771,9
video_134788,7
video_134850,6
video_134857,11
video_134858,0
video_134882,28
video_134902,30
video_134910,22
video_134912,0
video_134923,12
video_134933,3
video_134943,9
video_134965,8
video_134995,9
video_135013,28
video_135018,0
video_135037,24
video_135079,28
video_135110,6
video_135129,24
video_135189,20
video_1352,21
video_135216,28
video_135218,2
video_135220,28
video_135231,22
video_135251,1
video_135345,7
video_135366,29
video_135371,8
video_135378,32
video_135397,31
video_135408,28
video_135471,32
video_135505,29
video_135560,28
video_135576,5
video_135592,11
video_135599,8
video_135640,30
video_135681,29
video_135752,5
video_135793,5
video_135797,24
video_135804,6
video_135834,30
video_135872,7
video_135892,31
video_136013,4
video_136033,9
video_136038,0
video_136075,30
video_136083,7
video_136099,9
video_136105,31
video_13611,12
video_136117,2
video_136119,9
video_136124,30
video_13615,21
video_136203,4
video_136217,3
video_136234,20
video_136299,29
video_136316,28
video_136333,6
video_136373,4
video_136388,0
video_136430,2
video_136450,9
video_136496,30
video_136512,14
video_136525,22
video_136544,3
video_136587,28
video_136588,9
video_136674,29
video_136703,4
video_13673,30
video_136751,30
video_136752,1
video_136754,6
video_136786,29
video_136792,9
video_136796,5
video_136801,32
video_136806,14
video_13682,4
video_136847,28
video_136889,30
video_136912,2
video_136913,30
video_136915,1
video_136956,4
video_136979,25
video_136980,31
video_137036,23
video_137097,18
video_137106,22
video_13713,1
video_137158,20
video_137167,24
video_137196,0
video_137226,0
video_137289,28
video_137300,32
video_137332,29
video_137355,2
video_137366,31
video_13737,4
video_137419,30
video_137420,12
video_137463,31
video_137466,29
video_137485,4
video_137493,23
video_137524,28
video_137532,14
video_137566,31
video_137605,4
video_137615,22
video_137628,30
video_137691,23
video_137694,22
video_137738,23
video_137774,31
video_137903,23
video_137975,20
video_138039,2
video_138040,5
video_138111,0
video_138172,31
video_138234,7
video_138328,3
video_138334,32
video_138349,5
video_138401,20
video_138402,4
video_13846,20
video_138503,13
video_138511,30
video_138556,22
video_138632,9
video_138635,5
video_138641,5
video_13865,3
video_13866,14
video_138708,29
video_138776,12
video_138779,22
video_138812,12
video_138846,9
video_138851,12
video_138898,4
video_138900,29
video_138930,22
video_138940,30
video_138943,1
video_139022,5
video_139071,9
video_139078,7
video_139234,1
video_139347,4
video_139399,9
video_139403,4
video_139418,9
video_139469,1
video_139526,14
video_13957,4
video_1396,8
video_139616,10
video_139667,8
video_139668,9
video_139792,17
video_139809,5
video_139839,31
video_13987,5
video_139894,22
video_139973,7
video_139982,0
video_14000,9
video_140010,23
video_140029,6
video_140090,12
video_140107,19
video_140126,21
video_140127,8
video_140149,8
video_14015,20
video_140160,31
video_140168,5
video_140176,4
video_140182,21
video_140188,32
video_140195,4
video_140226,0
video_140251,5
video_140257,22
video_140277,20
video_140382,23
video_140457,5
video_140475,4
video_140519,21
video_140551,5
video_14058,4
video_140595,24
video_140601,8
video_140624,18
video_140676,10
video_140693,8
video_140708,1
video_140714,2
video_140764,18
video_140839,30
video_140852,20
video_140855,5
video_140869,18
video_140873,0
video_140960,5
video_14099,21
video_141000,20
video_141011,20
video_141014,9
video_141020,9
video_141033,22
video_141034,12
video_14104,29
video_141053,29
video_141079,2
video_14109,31
video_141157,5
video_141183,9
video_141258,7
video_141265,18
video_141339,5
video_141359,1
video_141393,19
video_141430,9
video_141490,28
video_141491,12
video_141518,10
video_141571,13
video_141639,17
video_14165,9
video_141654,31
video_14168,29
video_141681,30
video_141694,5
video_14174,14
video_141760,14
video_141877,9
video_141914,9
video_141931,28
video_141942,14
video_141946,12
video_141949,29
video_141985,8
video_1420,9
video_142031,21
video_142036,9
video_142057,30
video_142067,7
video_142080,6
video_142081,28
video_1421,7
video_142119,12
video_142243,10
video_142275,8
video_142311,1
video_142313,22
video_142328,19
video_142334,28
video_14237,7
video_142445,8
video_142453,6
video_142458,28
video_14246,31
video_142467,10
video_14259,23
video_142671,1
video_142756,9
video_142759,24
video_142809,5
video_142812,23
video_14284,5
video_142865,4
video_142867,18
video_142896,5
video_142899,29
video_142910,12
video_142956,12
video_14296,1
video_142988,31
video_143003,32
video_143057,5
video_143064,23
video_143068,31
video_143070,29
video_143127,6
video_143171,1
video_143172,12
video_143190,30
video_143213,23
video_143256,20
video_143347,20
video_143441,9
video_143461,0
video_143526,6
video_143547,9
video_143647,20
video_1437,7
video_143726,31
video_143735,6
video_143750,22
video_143789,15
video_143794,9
video_143798,29
video_143852,5
video_143876,1
video_143914,25
video_14392,31
video_143933,10
video_143945,18
video_143956,4
video_143965,1
video_143992,31
video_144005,25
video_144029,23
video_144048,9
video_144053,4
video_144069,9
video_144083,17
video_14414,31
video_144149,30
video_144170,4
video_144179,10
video_144184,31
video_144237,20
video_144286,1
video_144301,12
video_144333,17
video_144340,4
video_144370,30
video_144376,6
video_144394,1
video_144413,24
video_144438,19
video_144483,4
video_144491,20
video_144561,12
video_144569,28
video_14459,9
video_144632,12
video_144704,25
video_144741,10
video_144751,29
video_144777,1
video_144806,2
video_144847,5
video_14494,6
video_14495,31
video_144972,8
video_144983,2
video_145034,7
video_145077,29
video_145079,31
video_145135,5
video_145244,0
video_145248,1
video_145251,4
video_145291,22
video_1453,20
video_145356,20
video_145404,31
video_145405,21
video_145422,30
video_145477,23
video_145483,9
video_145495,9
video_1455,12
video_145539,23
video_145585,9
video_145603,9
video_145604,14
video_145650,8
video_145676,22
video_145693,29
video_145702,1
video_145800,9
video_145804,28
video_145871,6
video_145927,23
video_145997,5
video_146068,14
video_14608,1
video_146085,30
video_146166,19
video_146186,0
video_146200,25
video_14621,10
video_146233,5
video_146237,10
video_146267,19
video_14627,18
video_146293,1
video_146313,0
video_146323,1
video_146327,30
video_146372,20
video_146377,24
video_146382,1
video_146413,21
video_14642,28
video_146424,9
video_146425,21
video_146553,1
video_146555,5
video_146573,5
video_146592,6
video_146630,7
video_146634,1
video_1467,18
video_146733,30
video_146765,23
video_146778,4
video_14678,29
video_146788,5
video_146803,4
video_146862,23
video_146882,2
video_146924,28
video_146950,30
video_147005,14
video_147017,31
video_147026,18
video_1471,1
video_147174,3
video_147187,31
video_147194,3
video_147200,28
video_147290,31
video_147305,18
video_147327,1
video_147414,18
video_147423,15
video_147521,1
video_147610,12
video_147644,21
video_147663,25
video_147693,12
video_147704,31
video_147764,21
video_147911,23
video_147948,9
video_147951,19
video_147972,1
video_147996,0
video_148054,22
video_148065,28
video_148068,5
video_148202,29
video_148242,30
video_148245,10
video_148251,9
video_148252,2
video_148271,0
video_148305,30
video_148399,8
video_148465,20
video_148478,9
video_148527,31
video_148633,12
video_14864,10
video_148663,28
video_148674,5
video_148676,8
video_148759,5
video_148824,2
video_148825,12
video_148846,29
video_148857,29
video_148877,20
video_148922,6
video_148929,5
video_148934,22
video_148956,19
video_148959,25
video_149053,5
video_14907,20
video_149091,7
video_149093,4
video_149106,0
video_149125,10
video_149146,9
video_14921,30
video_149215,20
video_149226,12
video_149251,6
video_149253,12
video_149326,12
video_149340,8
video_149342,6
video_149375,5
video_149407,10
video_14943,28
video_149433,12
video_14945,30
video_149539,6
video_149602,12
video_149609,9
video_149620,18
video_149686,22
video_149690,29
video_149691,9
video_149727,20
video_149730,20
video_149746,2
video_149776,8
video_149794,9
video_149815,2
video_149850,23
video_149867,22
video_149885,24
video_149889,20
video_149933,6
video_149955,5
video_149957,20
video_149962,10
video_149982,10
video_15001,14
video_150049,2
video_150053,32
video_150114,21
video_150115,31
video_15013,8
video_150142,9
video_150152,25
video_150196,0
video_150210,7
video_150219,6
video_150231,22
video_150276,10
video_150322,1
video_150361,19
video_150372,31
video_150385,32
video_150425,1
video_150432,5
video_150446,4
video_150454,12
video_150478,0
video_150488,21
video_150546,23
video_150578,13
video_150619,0
video_150675,18
video_150679,30
video_150696,6
video_150718,1
video_150725,20
video_150727,29
video_150746,6
video_150865,29
video_150897,4
video_150908,4
video_150954,28
video_151075,29
video_151076,10
video_15109,32
video_151113,29
video_151163,10
video_151191,23
video_151209,3
video_151245,19
video_151251,31
video_151315,29
video_151325,32
video_151347,3
video_151410,31
video_151440,28
video_151470,21
video_151494,0
video_151502,31
video_151525,10
video_151557,8
video_151621,5
video_15167,28
video_151703,29
video_15171,5
video_151713,12
video_151748,18
video_151794,30
video_151817,9
video_151826,1
video_151840,20
video_151850,30
video_151890,20
video_151898,5
video_151918,9
video_151920,31
video_151966,4
video_151969,30
video_151971,19
video_151988,4
video_152014,29
video_152067,12
video_152082,4
video_152126,28
video_15214,9
video_152191,31
video_152311,30
video_152330,10
video_152332,30
video_152347,5
video_152388,10
video_152411,30
video_152433,23
video_152435,5
video_152498,9
video_152521,23
video_152568,21
video_152590,30
video_15260,4
video_152661,9
video_152764,9
video_152765,29
video_152848,7
video_152897,14
video_152901,10
video_152913,22
video_152930,4
video_15295,0
video_152962,30
video_153002,0
video_153016,0
video_153050,14
video_153093,21
video_153150,30
video_153156,14
video_153176,22
video_153206,14
video_153318,28
video_153334,12
video_153403,30
video_153406,20
video_153408,9
video_153436,31
video_153456,12
video_153472,9
video_153475,6
video_153488,4
video_15353,7
video_153616,12
video_15362,14
video_153674,8
video_153681,22
video_153737,18
video_153808,28
video_153833,9
video_153857,20
video_153933,31
video_153956,3
video_153987,29
video_153993,8
video_154021,10
video_15405,5
video_154075,24
video_154086,4
video_154102,22
video_154125,18
video_154134,25
video_154184,8
video_154235,10
video_154248,18
video_154284,23
video_15433,32
video_154408,21
video_154466,10
video_154495,25
video_154522,18
video_154538,23
video_154659,19
video_15471,32
video_154719,9
video_154725,12
video_154853,5
video_154878,5
video_154893,5
video_154901,20
video_155,5
video_15501,23
video_15502,5
video_155035,8
video_155036,19
video_155047,8
video_155074,28
video_155107,32
video_155115,32
video_155122,20
video_155219,30
video_155253,12
video_155263,25
video_155281,29
video_155318,31
video_155320,24
video_155349,30
video_15536,9
video_155393,22
video_155428,9
video_15548,30
video_155484,21
video_155507,21
video_155630,5
video_155662,6
video_155667,29
video_155698,9
video_155799,5
video_155800,1
video_155865,4
video_155867,18
video_155871,2
video_155888,14
video_155912,31
video_155944,20
video_156014,12
video_156049,10
video_156081,10
video_156111,12
video_156128,28
video_156143,9
video_156179,29
video_156215,20
video_156237,20
video_156263,17
video_156277,1
video_156314,6
video_156328,30
video_15638,28
video_156388,1
video_156389,28
video_156399,8
video_156416,17
video_156442,30
video_156448,2
video_156452,23
video_156467,8
video_156510,29
video_156513,7
video_156551,29
video_156667,22
video_156700,12
video_15671,0
video_156787,17
video_156811,28
video_156848,29
video_156861,1
video_156878,1
video_156932,10
video_156961,30
video_157007,19
video_157079,5
video_157103,10
video_157135,6
video_157153,2
video_157163,10
video_157189,20
video_157194,29
video_157295,8
video_157383,3
video_15740,21
video_157485,21
video_157558,23
video_15756,29
video_157612,32
video_157624,8
video_157677,4
video_157688,29
video_157727,6
video_157776,25
video_157791,29
video_157833,4
video_15789,4
video_158047,29
video_158139,10
video_158154,19
video_158184,20
video_158191,2
video_158202,4
video_158212,4
video_158215,1
video_158263,20
video_158302,21
video_158326,23
video_158328,2
video_158348,31
video_158350,29
video_158377,23
video_158385,6
video_158387,4
video_158424,12
video_158440,31
video_158497,10
video_158505,32
video_158566,9
video_158607,32
video_158637,7
video_158649,12
video_158657,7
video_158666,8
video_158676,1
video_158678,7
video_158712,21
video_158718,24
video_158743,30
video_158766,1
video_158780,8
video_15880,1
video_158819,15
video_158826,29
video_158836,18
video_158859,10
video_158866,17
video_15891,30
video_158998,20
video_159009,28
video_159087,23
video_159092,24
video_159139,4
video_159150,8
video_159156,1
video_159171,23
video_159173,22
video_159178,32
video_159186,8
video_159199,25
video_159218,4
video_159227,32
video_159261,8
video_159274,1
video_159292,4
video_159323,28
video_159388,23
video_159522,31
video_159545,31
video_159550,0
video_159561,9
video_159616,22
video_159633,21
video_15964,2
video_159839,5
video_159853,5
video_159861,20
video_159887,31
video_159940,1
video_159944,5
video_159955,1
video_159974,14
video_159978,15
video_159984,29
video_159985,31
video_15999,18
video_160064,3
video_16010,5
video_160118,6
video_16012,32
video_160123,21
video_160177,20
video_16018,29
video_160188,17
video_160242,6
video_160244,12
video_160248,29
video_160340,8
video_16036,28
video_160395,10
video_160516,28
video_160527,7
video_160579,23
video_160609,14
video_16061,29
video_160614,30
video_16063,24
video_160642,30
video_160654,20
video_160670,28
video_160722,3
video_160733,5
video_160740,30
video_160829,9
video_160847,31
video_160854,10
video_16086,29
video_160861,30
video_160869,4
video_160882,1
video_160889,10
video_160903,9
video_160960,0
video_16097,23
video_161019,8
video_16106,23
video_161080,9
video_161118,30
video_161122,31
video_161135,4
video_161136,1
video_161153,21
video_161198,19
video_1612,13
video_161226,5
video_161230,30
video_161261,21
video_161262,15
video_161272,31
video_161348,12
video_161391,1
video_161402,8
video_161413,9
video_161425,22
video_161445,1
video_161478,20
video_16151,4
video_161545,30
video_161565,14
video_161570,23
video_161590,30
video_161606,21
video_161612,30
video_161629,6
video_161707,4
video_161726,6
video_16177,1
video_161789,8
video_161803,29
video_161804,22
video_161827,32
video_161966,30
video_161994,10
video_162,31
video_162006,15
video_162060,29
video_162110,9
video_162157,7
video_162170,8
video_162195,17
video_162210,14
video_162216,23
video_16222,31
video_162230,22
video_162260,30
video_162279,22
video_162286,2
video_16229,24
video_162342,20
video_162355,20
video_162365,9
video_162389,1
video_162423,22
video_162434,9
video_16247,12
video_162567,14
video_162568,5
video_162577,19
video_162612,31
video_162660,31
video_162708,7
video_162725,10
video_162733,4
video_162741,31
video_162778,23
video_162815,6
video_162816,28
video_162837,29
video_162840,21
video_162847,6
video_162886,7
video_162919,12
video_162930,1
video_162935,29
video_162950,25
video_16297,30
video_163045,29
video_163102,19
video_16316,12
video_163178,2
video_163184,3
video_163209,30
video_163211,28
video_16322,4
video_163239,19
video_163274,10
video_163276,8
video_163287,30
video_163325,12
video_163356,10
video_163367,17
video_163415,28
video_163437,20
video_163451,28
video_163452,2
video_163455,24
video_163464,6
video_16347,18
video_1635,1
video_16356,9
video_163582,14
video_16360,30
video_163640,19
video_163722,5
video_163744,23
video_163812,0
video_163818,24
video_163866,4
video_163873,21
video_163882,25
video_163924,30
video_164015,22
video_164020,9
video_164033,19
video_164035,24
video_164052,20
video_164075,20
video_164091,22
video_164120,9
video_164136,31
video_16415,4
video_164268,4
video_164311,1
video_164312,4
video_164316,9
video_164333,22
video_164341,0
video_164345,6
video_164350,9
video_164409,6
video_164434,5
video_164477,10
video_164489,31
video_164506,20
video_164526,1
video_164575,7
video_164580,5
video_164591,3
video_16461,31
video_16462,0
video_16464,10
video_164689,9
video_164702,30
video_164704,28
video_16472,4
video_164738,5
video_164752,22
video_164782,24
video_164789,29
video_164822,1
video_164833,28
video_164879,30
video_164888,4
video_164899,29
video_16491,32
video_164922,9
video_164944,5
video_164949,7
video_164958,29
video_164962,17
video_164988,5
video_164992,20
video_165020,22
video_165063,5
video_165084,6
video_165089,6
video_165111,7
video_165247,12
video_16530,1
video_165314,31
video_165321,28
video_165392,8
video_165394,8
video_165439,5
video_165456,12
video_16546,15
video_165472,25
video_165473,28
video_165493,20
video_165563,31
video_165602,28
video_165633,20
video_16564,15
video_165654,9
video_165661,23
video_165721,1
video_165722,29
video_165758,12
video_165773,19
video_165777,0
video_165783,29
video_165839,12
video_165864,0
video_16590,25
video_165904,18
video_16592,23
video_165926,12
video_16594,29
video_165944,28
video_165958,30
video_16598,28
video_166051,13
video_166066,21
video_166117,22
video_166146,30
video_166155,30
video_166167,31
video_166189,25
video_166268,18
video_166279,29
video_166284,30
video_166310,9
video_166313,25
video_166391,28
video_166429,1
video_166473,8
video_166510,6
video_166516,9
video_166528,30
video_166533,7
video_166545,14
video_166594,9
video_166623,20
video_166679,24
video_166740,3
video_166747,25
video_166822,6
video_166918,2
video_16692,4
video_166928,12
video_166930,32
video_166998,9
video_167016,31
video_167087,30
video_167125,30
video_167217,1
video_167234,0
video_1673,4
video_167305,12
video_16731,31
video_167368,4
video_167375,8
video_167402,18
video_167429,30
video_167454,7
video_167467,19
video_167481,6
video_167600,31
video_167619,9
video_167673,31
video_167692,29
video_167696,12
video_167712,20
video_167724,8
video_167742,6
video_167752,20
video_167755,30
video_167757,4
video_167774,20
video_167817,29
video_167824,28
video_167902,30
video_167955,0
video_167978,6
video_168012,9
video_168026,4
video_168064,21
video_168095,18
video_1681,17
video_168139,6
video_168158,30
video_168302,20
video_168328,1
video_168399,5
video_168422,20
video_168472,22
video_168490,29
video_168665,31
video_168686,6
video_168695,1
video_168739,5
video_168759,9
video_168767,21
video_16877,8
video_168817,13
video_168830,31
video_16885,7
video_168869,31
video_168886,14
video_168895,5
video_168901,32
video_168909,9
video_168920,22
video_168925,24
video_168955,4
video_168979,8
video_16898,10
video_169008,0
video_169077,28
video_169109,29
video_169140,19
video_16915,31
video_169182,29
video_169243,4
video_169252,30
video_169282,4
video_169290,2
video_169304,10
video_169320,30
video_169340,8
video_169341,1
video_169345,0
video_169366,13
video_169407,8
video_16941,0
video_169427,15
video_169455,6
video_169486,5
video_169557,29
video_169596,23
video_16964,20
video_169680,9
video_169722,9
video_169741,28
video_169744,1
video_169752,14
video_16976,7
video_169762,23
video_169798,29
video_169823,29
video_169869,23
video_169902,31
video_169979,6
video_169988,12
video_170048,4
video_170059,4
video_170060,30
video_170072,18
video_170102,5
video_170117,9
video_170133,3
video_170201,25
video_17022,29
video_17025,31
video_170311,24
video_170348,8
video_170370,8
video_17041,9
video_170448,5
video_170473,30
video_170477,10
video_170545,18
video_170582,30
video_170589,22
video_170620,22
video_170669,31
video_170695,9
video_170697,0
video_170745,5
video_170755,31
video_17078,23
video_170825,8
video_170978,1
video_171009,24
video_171090,9
video_171120,4
video_171143,24
video_171171,29
video_171176,1
video_171197,28
video_171247,31
video_171265,7
video_171266,1
video_171314,7
video_171385,9
video_171425,21
video_171530,1
video_171532,30
video_171561,9
video_17165,8
video_171654,9
video_1717,28
video_171700,30
video_171714,1
video_171727,30
video_171735,4
video_17175,4
video_171773,29
video_171799,12
video_171840,12
video_171857,30
video_171858,28
video_171860,23
video_171902,1
video_171916,22
video_171928,0
video_171930,18
video_171943,4
video_171978,12
video_171990,6
video_172005,14
video_172016,5
video_172035,23
video_172048,0
video_172053,2
video_172065,21
video_172071,3
video_172085,9
video_172126,25
video_172137,14
video_172148,2
video_172153,20
video_172178,32
video_172210,5
video_17222,1
video_172278,19
video_172298,15
video_172311,24
video_172324,10
video_172376,20
video_172396,25
video_172441,6
video_172484,29
video_172534,9
video_172562,0
video_172593,1
video_17260,7
video_172615,5
video_17263,29
video_172659,11
video_172668,1
video_172691,20
video_172723,2
video_172806,7
video_172825,5
video_172850,30
video_172862,8
video_172875,8
video_172894,29
video_172950,3
video_172996,12
video_173004,4
video_173032,30
video_173054,9
video_17313,1
video_173138,17
video_173141,5
video_173165,22
video_17318,3
video_173213,28
video_173217,12
video_173223,14
video_173236,25
video_173271,9
video_173332,12
video_173334,31
video_173356,25
video_173381,1
video_173445,31
video_173473,4
video_173482,28
video_173493,25
video_173517,7
video_173518,30
video_17352,19
video_173543,4
video_17355,21
video_173560,1
video_17357,23
video_173583,9
video_173589,1
video_17359,15
video_173608,10
video_173636,9
video_173672,0
video_173822,21
video_173826,8
video_173830,6
video_173868,30
video_173891,28
video_173899,29
video_173935,9
video_173958,14
video_173961,10
video_173973,8
video_173976,6
video_174018,2
video_17402,8
video_174029,10
video_17403,4
video_174059,4
video_174107,30
video_17412,29
video_174161,8
video_174177,30
video_174201,10
video_174266,31
video_174278,30
video_174321,30
video_174357,25
video_174359,19
video_174368,21
video_174383,24
video_174391,24
video_174403,1
video_174408,20
video_174413,23
video_1745,12
video_174528,22
video_174601,6
video_174602,18
video_174661,9
video_174697,1
video_174701,29
video_174727,12
video_17477,5
video_174833,20
video_174848,21
video_174849,31
video_174883,25
video_174888,23
video_174910,31
video_174916,12
video_174937,0
video_174944,20
video_174968,9
video_17499,4
video_174998,22
video_175001,14
video_175042,6
video_175047,1
video_175102,28
video_175106,7
video_175134,20
video_175226,30
video_175241,10
video_175249,9
video_175262,9
video_175310,9
video_175316,19
video_175333,29
video_175351,5
video_175368,30
video_175411,31
video_175424,30
video_175433,23
video_175485,23
video_175504,4
video_175514,2
video_175523,7
video_175530,0
video_175611,6
video_175651,9
video_175773,20
video_175784,29
video_175787,14
video_175820,29
video_175893,9
video_175898,3
video_175906,31
video_175928,1
video_175943,30
video_175950,20
video_17596,10
video_176002,10
video_176044,1
video_176084,9
video_176100,9
video_17613,28
video_176138,5
video_176184,29
video_176210,31
video_176260,19
video_176279,12
video_176376,31
video_176380,9
video_176387,18
video_176394,9
video_176427,30
video_176430,22
video_176490,29
video_176526,1
video_176536,12
video_176575,2
video_176636,29
video_176646,19
video_176658,19
video_176693,3
video_17671,5
video_176751,20
video_176752,4
video_176783,10
video_176796,1
video_176812,24
video_17687,6
video_176886,5
video_176900,24
video_176985,8
video_177022,29
video_17706,14
video_177062,22
video_177121,29
video_17718,31
video_177208,10
video_177210,1
video_177232,6
video_177391,4
video_177458,30
video_177477,25
video_177504,22
video_177511,0
video_177520,14
video_177529,23
video_17755,31
video_17756,22
video_177566,14
video_177588,28
video_177605,9
video_177613,31
video_177670,28
video_177681,31
video_177692,4
video_177706,1
video_177732,22
video_177781,22
video_177792,28
video_177828,29
video_177856,22
video_177892,1
video_177914,9
video_177942,17
video_177983,28
video_178016,14
video_178030,9
video_178031,0
video_178040,28
video_178078,7
video_178092,9
video_178096,31
video_178140,10
video_178175,30
video_178180,18
video_178184,23
video_178196,24
video_178286,12
video_178303,20
video_178328,3
video_178365,29
video_178394,31
video_178412,17
video_178414,6
video_178460,7
video_178469,1
video_178498,0
video_178504,22
video_178505,28
video_178524,14
video_178532,31
video_178537,5
video_178553,31
video_178607,12
video_178614,12
video_178619,23
video_17862,19
video_178707,24
video_17871,30
video_178766,9
video_178811,17
video_178826,31
video_178881,12
video_178898,22
video_178930,10
video_178981,22
video_178997,20
video_179008,22
video_179020,24
video_179036,8
video_179052,10
video_179056,18
video_179109,30
video_179146,1
video_179236,29
video_179241,23
video_179242,31
video_179250,30
video_179258,5
video_179275,18
video_179287,23
video_179290,9
video_179291,17
video_179333,1
video_179348,5
video_179372,4
video_179374,20
video_179417,20
video_179486,14
video_179587,29
video_179591,10
video_179632,1
video_179658,12
video_179707,9
video_17975,31
video_179752,29
video_179760,1
video_179784,20
video_179826,28
video_179878,12
video_17988,9
video_179911,22
video_179919,14
video_179955,22
video_179966,21
video_179980,6
video_179984,31
video_180003,2
video_180014,28
video_180060,8
video_180064,20
video_180107,13
video_180150,3
video_180157,6
video_180181,9
video_180184,3
video_180202,4
video_180232,25
video_180282,18
video_1803,19
video_180314,2
video_180335,1
video_180415,5
video_180427,10
video_180433,22
video_180437,9
video_180441,31
video_18045,1
video_180469,3
video_180477,12
video_180506,4
video_180539,13
video_180546,12
video_180579,9
video_180748,12
video_180762,18
video_180800,29
video_180808,29
video_180813,12
video_180821,9
video_18085,29
video_180875,20
video_180926,24
video_180943,24
video_180961,1
video_180994,0
video_181005,29
video_181047,31
video_181113,7
video_181176,29
video_181201,8
video_181218,1
video_181221,4
video_18128,8
video_181308,4
video_181333,20
video_181355,32
video_181361,24
video_181395,31
video_181453,1
video_181469,28
video_181472,28
video_18149,4
video_181525,2
video_181562,7
video_181675,29
video_181700,8
video_181723,1
video_181743,18
video_181771,0
video_181780,30
video_181843,3
video_181855,9
video_181884,24
video_182010,22
video_18211,17
video_182116,29
video_182145,30
video_182213,28
video_182234,12
video_182289,28
video_18229,19
video_182308,6
video_182310,4
video_182334,22
video_182356,4
video_182409,30
video_182412,9
video_182449,30
video_182469,7
video_182499,9
video_182500,10
video_182541,31
video_182612,30
video_182624,9
video_182746,9
video_182765,31
video_182822,9
video_182872,19
video_182883,1
video_182901,23
video_182927,1
video_182931,29
video_182956,30
video_182984,5
video_182992,5
video_18304,30
video_183071,30
video_183084,24
video_183088,29
video_183127,30
video_183161,5
video_18317,20
video_18319,7
video_183213,9
video_183220,9
video_18326,28
video_183325,12
video_183360,18
video_183369,21
video_183383,22
video_183395,6
video_183419,29
video_183441,30
video_183445,4
video_183446,12
video_183476,9
video_183481,30
video_183509,21
video_183561,22
video_183562,24
video_183587,28
video_183617,29
video_183634,24
video_183647,9
video_183665,31
video_183704,1
video_183780,30
video_183785,21
video_183819,21
video_183822,31
video_183842,28
video_183857,4
video_183871,30
video_183886,30
video_183895,29
video_183896,9
video_183903,20
video_183907,4
video_183910,29
video_183918,10
video_183994,0
video_184055,22
video_184071,22
video_184076,30
video_184105,25
video_184151,31
video_184156,1
video_184217,19
video_184250,20
video_184259,21
video_184260,23
video_184299,9
video_184352,21
video_184363,30
video_184367,8
video_184542,3
video_184576,31
video_184586,5
video_184594,24
video_18464,29
video_184664,0
video_184729,2
video_184738,11
video_18474,21
video_184752,12
video_184777,30
video_184787,0
video_184839,9
video_184885,4
video_184912,30
video_184915,12
video_185172,4
video_185179,12
video_185222,28
video_185238,22
video_185254,25
video_185273,9
video_185347,28
video_185412,30
video_185433,28
video_185450,14
video_185452,1
video_18546,18
video_18549,19
video_185505,6
video_185524,12
video_185564,1
video_185623,3
video_185678,23
video_185694,14
video_185744,28
video_185750,1
video_185783,23
video_185812,3
video_185850,20
video_185859,8
video_185869,1
video_185874,9
video_185898,10
video_185911,0
video_185971,1
video_186010,5
video_186028,19
video_186047,29
video_186051,14
video_186134,5
video_186147,31
video_186174,7
video_186178,10
video_186199,6
video_186257,8
video_186306,3
video_186308,31
video_186359,6
video_186363,9
video_186377,28
video_186420,18
video_186429,24
video_18644,18
video_186486,29
video_186490,30
video_186497,5
video_186561,24
video_186581,28
video_186611,4
video_186637,2
video_186657,9
video_186812,20
video_186832,5
video_186840,9
video_186869,23
video_186981,31
video_186983,1
video_186997,22
video_187008,1
video_187019,8
video_18703,18
video_187092,14
video_187119,12
video_187123,1
video_187154,10
video_187205,1
video_187208,20
video_187259,22
video_187266,9
video_187267,32
video_187313,1
video_187333,5
video_187339,3
video_187348,1
video_187364,18
video_187367,1
video_187436,5
video_187461,14
video_187538,6
video_187545,6
video_187548,22
video_187570,20
video_18758,20
video_18762,20
video_18765,12
video_187650,32
video_187652,2
video_187725,8
video_187736,8
video_187763,30
video_187811,9
video_187826,5
video_187837,21
video_187865,20
video_187929,20
video_187945,28
video_187972,24
video_188023,3
video_188045,2
video_188098,20
video_188128,4
video_188135,9
video_188205,9
video_188210,4
video_18835,8
video_188354,10
video_188370,22
video_188380,3
video_188389,28
video_188414,6
video_188448,30
video_188456,4
video_188520,9
video_188545,29
video_188554,22
video_188565,9
video_18858,10
video_188645,31
video_188690,30
video_188736,1
video_188738,21
video_188750,0
video_188753,7
video_188807,0
video_188812,18
video_188822,4
video_18892,7
video_189004,3
video_189163,28
video_189179,20
video_189181,10
video_189253,1
video_189263,20
video_189288,20
video_189293,22
video_189299,1
video_189339,30
video_189378,9
video_189384,4
video_189415,7
video_189431,4
video_189549,12
video_189573,14
video_189612,22
video_189637,24
video_189648,29
video_189709,22
video_189724,4
video_189754,3
video_18978,30
video_18982,1
video_189826,31
video_18987,3
video_1899,22
video_189912,5
video_189922,22
video_189958,1
video_19002,0
video_190047,12
video_19008,30
video_1901,28
video_190116,30
video_190150,28
video_190160,31
video_190206,14
video_190216,31
video_190231,1
video_190240,25
video_190277,5
video_19028,9
video_190291,8
video_190308,1
video_190315,28
video_190328,17
video_190355,10
video_19037,1
video_190390,9
video_1904,13
video_190402,1
video_190418,20
video_190433,23
video_190526,9
video_190548,9
video_190550,7
video_190588,7
video_190618,3
video_190633,24
video_190635,7
video_190637,21
video_190653,7
video_190656,28
video_190736,4
video_190772,28
video_190798,5
video_190802,4
video_190813,30
video_190843,31
video_190867,10
video_190929,28
video_190979,4
video_19103,30
video_191051,2
video_191094,29
video_191103,8
video_191116,4
video_191126,2
video_191216,8
video_191252,1
video_191274,30
video_19128,9
video_191317,4
video_191372,6
video_191374,4
video_191387,1
video_1914,31
video_191478,28
video_191554,28
video_191617,29
video_191633,19
video_191655,22
video_191672,19
video_191679,9
video_191755,15
video_191794,12
video_191823,1
video_191830,31
video_19188,1
video_191886,2
video_191943,30
video_191994,0
video_192031,23
video_192042,29
video_192080,14
video_192139,25
video_192163,9
video_192176,22
video_19218,30
video_192221,20
video_192227,4
video_19224,30
video_192246,15
video_192284,1
video_192295,30
video_192340,0
video_192402,30
video_192404,22
video_192429,9
video_192444,28
video_192448,5
video_192464,4
video_192479,20
video_192497,20
video_192502,28
video_192590,10
video_192620,20
video_192646,28
video_192656,29
video_192681,12
video_192713,14
video_192742,31
video_192804,31
video_192890,28
video_192891,22
video_192911,12
video_19297,9
video_193022,2
video_193027,29
video_193039,23
video_193044,24
video_193058,30
video_193081,30
video_193094,25
video_193118,31
video_193126,1
video_19315,31
video_193158,8
video_193227,19
video_193245,9
video_193330,2
video_193339,28
video_193346,32
video_193393,1
video_193395,23
video_193427,10
video_193446,23
video_193467,1
video_193481,5
video_193539,5
video_193561,30
video_193631,22
video_19366,19
video_193665,1
video_193812,29
video_193823,31
video_193836,6
video_193881,28
video_193893,0
video_193915,29
video_193982,21
video_193990,6
video_193995,14
video_193999,6
video_194146,6
video_194177,3
video_194193,30
video_19422,19
video_19423,6
video_194259,31
video_194261,19
video_194302,9
video_194305,28
video_194362,12
video_194365,9
video_194510,23
video_194515,32
video_194572,30
video_194626,5
video_194636,31
video_194661,30
video_194665,28
video_194690,22
video_194694,3
video_1947,1
video_19470,18
video_194701,21
video_194707,9
video_194738,28
video_194752,12
video_194770,10
video_194813,5
video_194871,30
video_194910,17
video_194968,30
video_195030,31
video_195054,20
video_195069,3
video_195070,29
video_195079,24
video_195095,31
video_195137,10
video_195170,20
video_19527,9
video_19529,9
video_195291,3
video_195325,1
video_19533,12
video_195346,12
video_195361,1
video_195377,0
video_195426,19
video_195436,31
video_195512,24
video_19554,1
video_195556,30
video_195659,1
video_195687,1
video_195712,30
video_195822,28
video_195856,12
video_195862,1
video_195892,9
video_195944,20
video_195947,2
video_195973,5
video_195978,24
video_196014,10
video_196029,2
video_196071,12
video_196073,29
video_196280,12
video_196322,7
video_196338,22
video_196339,29
video_196348,7
video_196371,5
video_19638,1
video_196439,22
video_19649,5
video_196513,9
video_196518,4
video_196551,0
video_196601,13
video_196619,12
video_196634,10
video_196667,31
video_196704,31
video_196711,12
video_196727,12
video_196739,18
video_196813,29
video_196850,2
video_196873,4
video_196914,1
video_196922,0
video_197033,12
video_197035,3
video_197078,12
video_197150,20
video_197212,4
video_197218,28
video_197246,9
video_19726,0
video_197285,4
video_197304,7
video_197305,14
video_197307,8
video_197326,8
video_197460,12
video_197467,1
video_197521,18
video_197550,10
video_197567,22
video_197570,1
video_197632,9
video_197637,2
video_197638,5
video_197722,31
video_197731,30
video_197753,1
video_197781,12
video_197804,4
video_197827,28
video_197863,8
video_197893,7
video_197909,14
video_197916,7
video_19793,8
video_197932,4
video_198061,5
video_19808,22
video_198097,0
video_198135,4
video_198137,14
video_198196,9
video_19820,0
video_198255,20
video_198274,24
video_19829,17
video_198292,12
video_198305,24
video_19835,0
video_198354,21
video_198355,21
video_198358,5
video_198363,8
video_198373,19
video_198396,30
video_198398,23
video_198411,5
video_198425,6
video_198480,23
video_198532,14
video_198555,8
video_198558,29
video_198568,9
video_198627,22
video_198632,9
video_198636,29
video_198658,0
video_198721,10
video_19873,4
video_198818,20
video_198830,19
video_198895,32
video_198910,5
video_198917,24
video_198958,20
video_198960,0
video_198983,28
video_199026,14
video_199033,30
video_199053,12
video_199083,10
video_199084,5
video_199139,20
video_19914,32
video_199195,28
video_199216,4
video_199265,21
video_19930,1
video_199323,1
video_199349,12
video_199379,29
video_199407,29
video_199529,15
video_199586,7
video_199613,30
video_199686,30
video_199718,22
video_199731,2
video_199852,3
video_199859,28
video_199860,30
video_199891,6
video_1999,7
video_199914,6
video_199938,30
video_199943,16
video_199952,14
video_199954,9
video_199969,6
video_200048,24
video_200070,23
video_200135,7
video_200150,0
video_200156,4
video_200157,22
video_200171,20
video_200177,29
video_200209,1
video_200216,28
video_200228,22
video_200236,3
video_200291,9
video_200321,0
video_200326,6
video_200327,1
video_200348,21
video_200352,1
video_200385,19
video_200411,31
video_200440,9
video_200442,1
video_200463,20
video_200582,10
video_200595,22
video_200622,20
video_200624,18
video_200693,21
video_200703,3
video_200786,8
video_200802,31
video_200850,23
video_200874,28
video_200965,23
video_200969,0
video_20098,16
video_201042,22
video_201079,8
video_201095,6
video_201114,23
video_201126,30
video_201139,32
video_201153,28
video_201174,29
video_201199,8
video_201213,8
video_201222,19
video_201256,0
video_201267,5
video_201277,9
video_201291,6
video_201295,12
video_201326,18
video_201407,24
video_201444,1
video_201451,9
video_201457,5
video_201500,31
video_201503,22
video_201519,1
video_20155,30
video_201639,30
video_201652,3
video_201723,25
video_201733,23
video_201820,5
video_201856,21
video_20186,1
video_201873,9
video_201891,31
video_201905,31
video_201912,18
video_201932,28
video_201948,1
video_201955,12
video_201969,19
video_202005,6
video_202007,30
video_202035,1
video_202044,4
video_202097,30
video_202136,32
video_202161,30
video_202191,28
video_202193,28
video_202215,4
video_202223,5
video_20225,8
video_20227,3
video_202311,2
video_202387,31
video_202393,28
video_202452,14
video_2025,31
video_202515,25
video_202534,31
video_202577,8
video_202578,8
video_202593,1
video_202635,12
video_202639,24
video_202648,6
video_202666,3
video_202700,18
video_202706,12
video_202710,2
video_202739,32
video_20274,0
video_202745,23
video_202798,31
video_202894,23
video_202922,7
video_202932,14
video_202937,17
video_20297,5
video_202971,30
video_202976,17
video_20301,19
video_203022,9
video_20303,29
video_203069,32
video_203155,9
video_203178,22
video_203241,31
video_203245,10
video_203261,21
video_203264,20
video_203321,1
video_203329,31
video_203365,14
video_203386,9
video_203388,19
video_203390,24
video_203443,12
video_203446,23
video_203458,9
video_203480,28
video_203484,20
video_203486,23
video_203494,28
video_203515,1
video_203526,28
video_203557,18
video_203572,31
video_203606,9
video_203607,31
video_203674,8
video_203675,22
video_20369,8
video_203738,31
video_203812,4
video_203831,8
video_203876,32
video_203889,30
video_20392,29
video_203962,8
video_203964,23
video_203984,28
video_203987,5
video_203998,32
video_204002,5
video_204004,8
video_204020,7
video_204066,18
video_204077,9
video_204078,6
video_204091,6
video_204102,25
video_204117,18
video_204179,7
video_204195,19
video_204252,30
video_204283,24
video_204320,23
video_204363,12
video_204460,20
video_204461,32
video_204467,20
video_204510,10
video_20453,29
video_204538,9
video_20465,29
video_204653,22
video_204688,3
video_204699,7
video_204730,9
video_204745,4
video_204834,14
video_204903,28
video_204930,9
video_204975,21
video_204989,19
video_205019,5
video_205043,8
video_205052,9
video_205055,8
video_205080,22
video_205153,6
video_205157,31
video_205176,29
video_205224,1
video_205322,18
video_20541,30
video_205431,4
video_205536,23
video_205549,9
video_205579,30
video_205599,30
video_205628,5
video_205647,30
video_20566,22
video_205675,22
video_205699,5
video_205709,6
video_205711,30
video_205712,0
video_205755,4
video_205772,23
video_205808,25
video_205823,9
video_205836,5
video_205845,23
video_205879,12
video_205895,29
video_205907,14
video_205925,18
video_205929,18
video_205947,9
video_206018,3
video_206032,0
video_206087,7
video_20614,31
video_206140,14
video_206173,24
video_206196,9
video_20624,14
video_20625,5
video_206271,31
video_206277,29
video_206278,23
video_206301,25
video_20634,31
video_206352,6
video_206363,30
video_206386,30
video_206431,7
video_206458,25
video_206461,4
video_206464,28
video_206472,28
video_206543,29
video_206547,5
video_206712,7
video_206718,19
video_206777,8
video_206778,19
video_206802,22
video_206901,0
video_206908,16
video_206959,0
video_206976,22
video_2070,0
video_207006,21
video_207057,20
video_207091,1
video_207092,31
video_207203,1
video_207218,10
video_207219,5
video_207253,23
video_207293,14
video_207294,9
video_207324,4
video_20734,1
video_207371,12
video_207381,1
video_207415,20
video_207434,5
video_207463,12
video_207485,1
video_207538,31
video_207562,30
video_207631,0
video_207675,4
video_2077,1
video_207711,5
video_207743,9
video_207758,30
video_207764,1
video_207787,10
video_207788,31
video_20779,9
video_207878,30
video_207957,23
video_207958,15
video_207964,10
video_207965,8
video_207978,21
video_208,1
video_208008,24
video_20804,5
video_208053,31
video_208082,28
video_208089,12
video_208120,1
video_208140,30
video_208153,0
video_208159,1
video_208161,22
video_208164,1
video_208170,8
video_208183,2
video_208187,6
video_208239,20
video_208241,23
video_208293,1
video_208317,1
video_208319,28
video_208358,31
video_208378,0
video_208477,30
video_208480,9
video_208489,31
video_208498,29
video_208549,0
video_208583,23
video_208593,31
video_208624,19
video_208704,32
video_208756,9
video_20883,2
video_208849,1
video_208906,0
video_208986,6
video_209119,30
video_209135,5
video_209181,23
video_209211,1
video_209242,2
video_209303,29
video_209318,28
video_209333,9
video_209340,28
video_20935,10
video_209377,17
video_209390,23
video_209391,31
video_209456,5
video_209489,14
video_209527,2
video_209570,20
video_209591,12
video_209638,28
video_20966,28
video_209685,8
video_209707,20
video_209747,7
video_209793,22
video_209803,20
video_209815,30
video_209816,22
video_209822,14
video_209850,30
video_209881,12
video_209922,9
video_209927,4
video_20996,10
video_209991,20
video_210006,25
video_210015,28
video_210016,14
video_210027,10
video_210034,32
video_210086,20
video_21010,13
video_210102,5
video_210112,19
video_210148,9
video_210170,23
video_210197,24
video_210363,0
video_210377,29
video_210379,19
video_21039,9
video_210416,23
video_210420,25
video_210475,1
video_21048,12
video_210532,30
video_210540,8
video_210547,28
video_210571,20
video_21060,31
video_210622,20
video_210685,9
video_210708,9
video_210717,23
video_210792,9
video_210813,30
video_210820,10
video_210893,9
video_21092,7
video_210936,0
video_211021,19
video_211026,23
video_21103,9
video_211063,7
video_21109,0
video_211105,20
video_211147,14
video_211174,12
video_211177,29
video_211192,30
video_211214,31
video_211302,0
video_211327,8
video_211332,29
video_211388,1
video_211395,10
video_211405,1
video_211422,13
video_211576,30
video_211594,22
video_211733,24
video_211746,9
video_21188,8
video_21189,30
video_2119,22
video_211907,30
video_21196,14
video_211976,23
video_211988,1
video_212045,11
video_212077,9
video_212087,1
video_212093,20
video_212103,21
video_212108,5
video_212159,6
video_212193,24
video_212255,9
video_21227,2
video_212285,9
video_212298,9
video_212339,17
video_212385,2
video_212397,6
video_212402,5
video_21242,30
video_212433,20
video_212435,8
video_212439,12
video_212513,20
video_212641,2
video_212663,19
video_212675,14
video_212772,10
video_212849,9
video_212875,1
video_212886,20
video_212933,17
video_212962,0
video_212968,14
video_213015,10
video_213016,21
video_213054,23
video_213186,22
video_213223,1
video_21323,12
video_213248,24
video_213282,9
video_213285,12
video_213287,1
video_213303,17
video_213374,31
video_213375,12
video_213419,3
video_213445,32
video_213482,31
video_213489,22
video_213492,20
video_213494,29
video_213507,31
video_21352,18
video_213540,28
video_21356,3
video_213570,21
video_213596,1
video_213654,6
video_213706,19
video_213736,31
video_213769,8
video_213771,20
video_213789,24
video_213818,0
video_213820,12
video_213849,5
video_213852,8
video_213979,4
video_214057,8
video_214075,12
video_214079,1
video_214096,25
video_21410,23
video_21413,20
video_214143,19
video_214156,28
video_214259,20
video_214282,9
video_214298,9
video_21430,3
video_214326,30
video_21441,30
video_214474,5
video_214499,23
video_214514,14
video_214542,20
video_214547,29
video_21455,10
video_214560,30
video_214591,9
video_214627,9
video_214645,4
video_214665,30
video_214672,1
video_214683,7
video_214713,10
video_214758,12
video_214780,29
video_214812,30
video_214868,18
video_214908,23
video_21498,0
video_214986,6
video_215001,22
video_215013,14
video_215031,31
video_215037,6
video_215038,4
video_215040,23
video_215043,30
video_215073,18
video_215084,31
video_215130,3
video_21516,1
video_215175,20
video_215201,24
video_21521,0
video_215260,31
video_215267,19
video_21533,7
video_215372,0
video_215415,24
video_215420,24
video_215423,8
video_215443,23
video_215455,31
video_215483,19
video_215510,1
video_21554,0
video_215544,9
video_215567,8
video_215617,28
video_215620,13
video_21567,23
video_21577,30
video_215802,9
video_21582,30
video_215846,9
video_215877,22
video_215908,24
video_215933,4
video_215940,22
video_215982,1
video_216011,29
video_216029,2
video_216056,12
video_216061,0
video_216080,30
video_216083,1
video_216084,19
video_216228,23
video_21628,8
video_21634,29
video_216371,9
video_216490,9
video_216495,20
video_216502,30
video_216522,30
video_216581,12
video_216644,28
video_216695,12
video_216702,23
video_21671,0
video_216710,6
video_216721,23
video_216766,5
video_216805,21
video_216812,9
video_216824,12
video_216892,9
video_216916,10
video_216919,21
video_216944,31
video_216955,9
video_216957,5
video_216976,5
video_217007,1
video_217008,14
video_217010,14
video_217032,7
video_217046,3
video_21710,20
video_217101,32
video_217113,9
video_217148,23
video_217169,10
video_217175,20
video_217206,20
video_217318,1
video_217319,23
video_217323,16
video_217375,23
video_217407,23
video_217474,9
video_217532,20
video_217538,24
video_217561,12
video_217599,28
video_217654,8
video_217658,22
video_217708,4
video_217767,15
video_217773,1
video_2178,8
video_217881,4
video_217882,1
video_217884,1
video_217951,31
video_217962,1
video_218024,12
video_218160,5
video_218176,7
video_218241,30
video_21825,28
video_218279,14
video_218297,30
video_218322,6
video_218351,4
video_21836,17
video_21842,28
video_21846,6
video_218488,10
video_218519,14
video_218540,31
video_218545,2
video_218546,7
video_218600,25
video_218653,30
video_218688,4
video_218724,28
video_218734,9
video_218754,15
video_218786,9
video_218840,3
video_218855,4
video_218933,14
video_218975,9
video_218982,19
video_2190,5
video_219025,21
video_219040,9
video_219041,20
video_219061,2
video_219082,9
video_219098,30
video_219142,30
video_219143,25
video_219246,12
video_219265,9
video_219273,9
video_21929,20
video_219417,8
video_219469,10
video_219472,29
video_219496,10
video_219582,25
video_219624,7
video_219632,9
video_219686,4
video_219702,14
video_219707,14
video_219723,31
video_21980,30
video_219809,8
video_219826,20
video_219855,6
video_219862,22
video_219879,30
video_219885,12
video_219903,20
video_219945,29
video_219987,30
video_219988,24
video_22000,23
video_220002,23
video_220017,9
video_220066,28
video_220141,32
video_220180,4
video_220211,1
video_220221,32
video_220283,2
video_220348,4
video_220370,22
video_220477,31
video_220508,22
video_220549,18
video_220586,4
video_220623,30
video_22068,23
video_22069,24
video_220696,32
video_220746,20
video_220747,5
video_220770,7
video_220812,24
video_220846,10
video_22096,31
video_22120,31
video_22142,5
video_22153,5
video_22247,12
video_22248,24
video_22289,18
video_22322,9
video_22328,4
video_2238,9
video_22403,9
video_22441,8
video_22442,30
video_22445,4
video_22507,10
video_22547,29
video_22605,9
video_22626,4
video_22640,17
video_22716,23
video_22718,23
video_22749,31
video_2275,31
video_22760,29
video_22766,31
video_22770,1
video_22866,31
video_22891,10
video_22907,30
video_22945,7
video_23006,20
video_23028,21
video_23049,29
video_23056,10
video_23060,30
video_23203,21
video_23236,2
video_23237,31
video_23251,4
video_23288,30
video_23321,23
video_23405,7
video_23418,9
video_23419,30
video_23456,23
video_23467,29
video_23489,31
video_23502,31
video_23555,17
video_23557,29
video_23627,28
video_23631,24
video_23693,22
video_23725,28
video_23779,5
video_23790,14
video_23815,5
video_23824,30
video_23902,29
video_23939,0
video_23962,30
video_23964,8
video_24092,5
video_24101,0
video_24161,9
video_24214,7
video_24225,1
video_24251,32
video_24351,5
video_2439,4
video_24390,29
video_24439,18
video_24453,10
video_24510,1
video_24538,24
video_24540,30
video_24570,4
video_24607,5
video_2464,28
video_24690,31
video_24694,25
video_24713,19
video_24722,29
video_24757,23
video_24771,7
video_24810,19
video_2484,9
video_24841,7
video_24869,29
video_24901,29
video_24916,4
video_24936,29
video_2495,21
video_24953,7
video_24956,32
video_25016,11
video_25030,8
video_25054,9
video_25056,5
video_25154,30
video_2518,1
video_25263,31
video_25325,31
video_25362,32
video_25369,9
video_25390,4
video_25391,23
video_25417,23
video_25459,7
video_25460,2
video_25553,28
video_2557,31
video_25698,22
video_257,24
video_25749,10
video_25766,8
video_25767,4
video_25778,6
video_25780,2
video_25826,31
video_25856,2
video_25862,14
video_25930,9
video_25934,8
video_25936,18
video_2596,12
video_26015,28
video_26059,12
video_26069,31
video_2607,10
video_26070,12
video_26074,29
video_26100,28
video_26143,2
video_26153,0
video_26168,14
video_26194,1
video_26197,12
video_26219,28
video_26318,14
video_26363,31
video_26388,5
video_26452,28
video_2647,2
video_2651,28
video_26515,4
video_26523,31
video_26540,9
video_26566,30
video_26613,29
video_26662,31
video_26666,30
video_26686,25
video_2672,20
video_26798,6
video_26840,28
video_26882,14
video_26930,8
video_26964,3
video_2703,1
video_27075,28
video_27090,12
video_27159,20
video_2716,4
video_27182,17
video_27200,12
video_27227,5
video_27250,21
video_27261,5
video_27271,5
video_27276,1
video_27288,0
video_27289,22
video_27328,28
video_27338,10
video_27378,20
video_27385,12
video_27406,6
video_27408,3
video_27435,30
video_27443,1
video_27468,23
video_27498,21
video_2762,12
video_27671,32
video_27676,10
video_27686,9
video_27694,29
video_27696,14
video_27717,1
video_27743,1
video_27751,28
video_27764,29
video_27782,13
video_27805,1
video_27866,29
video_27871,5
video_27885,10
video_27888,9
video_27915,29
video_27931,16
video_27934,31
video_27956,9
video_27983,10
video_28001,4
video_28023,12
video_28117,3
video_28150,0
video_28171,8
video_28242,8
video_28273,28
video_28286,10
video_28291,5
video_2832,18
video_28323,24
video_28355,31
video_28367,28
video_28412,32
video_28441,19
video_28454,28
video_28506,0
video_28511,24
video_28625,9
video_28632,30
video_28637,30
video_2865,6
video_28662,1
video_28677,9
video_28680,18
video_28692,9
video_28695,29
video_28696,12
video_28726,21
video_28737,0
video_28780,23
video_28784,14
video_2881,30
video_28833,0
video_28837,29
video_28945,29
video_28950,18
video_29010,23
video_29032,5
video_29035,14
video_2905,20
video_29058,24
video_29090,14
video_29147,9
video_29158,30
video_29168,28
video_29203,30
video_29207,9
video_29248,31
video_29271,9
video_2928,29
video_29286,31
video_29388,29
video_29436,1
video_2964,3
video_29669,25
video_29685,0
video_29688,10
video_29706,9
video_29723,10
video_2973,6
video_29733,30
video_2976,8
video_29772,7
video_29786,9
video_29817,5
video_29844,7
video_29868,1
video_29877,8
video_29880,9
video_29901,1
video_29935,29
video_29940,2
video_29946,20
video_29965,0
video_30043,1
video_30044,8
video_30076,29
video_30088,7
video_30093,4
video_30101,28
video_30139,31
video_30142,11
video_30158,31
video_30164,30
video_30184,15
video_3019,10
video_30204,23
video_30232,5
video_30255,5
video_30326,4
video_30338,29
video_30342,9
video_30343,10
video_30374,0
video_30408,0
video_30425,9
video_30466,1
video_30523,4
video_30527,3
video_30528,12
video_30541,6
video_30551,14
video_30598,20
video_30643,20
video_30679,31
video_3068,8
video_3069,22
video_30732,31
video_30857,12
video_30863,21
video_30864,21
video_30865,19
video_30870,10
video_30879,14
video_30888,7
video_30924,9
video_30958,7
video_30980,30
video_30982,28
video_30996,23
video_31046,6
video_31096,10
video_31102,30
video_3117,2
video_31217,31
video_31240,30
video_31253,2
video_31283,17
video_31334,2
video_31336,31
video_31396,28
video_31446,14
video_31465,17
video_31466,28
video_31490,25
video_31505,12
video_31507,4
video_31549,30
video_31564,4
video_31611,9
video_31670,10
video_31675,0
video_31699,29
video_31743,5
video_31802,32
video_31876,5
video_31881,30
video_3189,1
video_31925,8
video_31975,25
video_32007,18
video_32150,5
video_32177,0
video_3222,24
video_32238,28
video_32255,29
video_32276,20
video_32285,13
video_32322,3
video_32393,3
video_32411,1
video_32440,8
video_32462,19
video_32473,9
video_32485,30
video_32495,24
video_32530,7
video_32535,12
video_32669,14
video_3273,7
video_32748,9
video_32798,12
video_3288,9
video_32905,14
video_32935,31
video_32936,28
video_32997,29
video_32999,32
video_33027,8
video_33077,12
video_33125,12
video_33165,20
video_33179,18
video_33214,3
video_3325,9
video_33268,8
video_33275,1
video_33318,31
video_33336,1
video_33376,8
video_33403,30
video_33410,31
video_3342,23
video_33424,5
video_33428,14
video_33460,4
video_33510,8
video_33524,30
video_33589,19
video_33596,8
video_33673,5
video_33716,32
video_33840,4
video_33850,9
video_33874,30
video_33907,0
video_3391,1
video_33912,21
video_33920,22
video_33947,14
video_33970,19
video_33979,32
video_34021,0
video_34025,0
video_3410,30
video_34115,1
video_34160,24
video_34167,29
video_34226,23
video_34227,24
video_34237,23
video_34239,30
video_34259,0
video_34321,9
video_3434,12
video_34353,23
video_34390,0
video_34397,7
video_34407,12
video_34474,15
video_34476,29
video_34513,28
video_34519,8
video_34588,8
video_3459,30
video_34591,5
video_34595,4
video_34644,14
video_34696,5
video_34711,1
video_34721,5
video_34723,29
video_3473,32
video_34734,19
video_34823,30
video_34834,8
video_34883,32
video_34964,28
video_34981,9
video_34991,29
video_35000,2
video_35045,21
video_35082,9
video_35141,31
video_35166,29
video_35182,9
video_3519,4
video_35195,20
video_35275,23
video_35358,23
video_35361,32
video_35447,0
video_35452,25
video_35460,24
video_35461,30
video_35495,29
video_355,9
video_35524,4
video_35546,30
video_35590,31
video_35647,4
video_35658,10
video_35705,23
video_35753,1
video_35854,20
video_35918,30
video_35928,12
video_35932,9
video_35942,10
video_35969,22
video_35972,12
video_35973,4
video_35984,30
video_36050,9
video_36115,30
video_36171,28
video_36313,31
video_3639,18
video_36447,24
video_36463,1
video_36472,18
video_36489,28
video_36531,0
video_36624,2
video_36638,7
video_36666,8
video_36707,24
video_36740,1
video_36756,12
video_36757,5
video_36780,1
video_36811,9
video_36817,9
video_36821,9
video_36853,12
video_36884,4
video_36902,10
video_36959,5
video_36969,8
video_37034,6
video_37041,0
video_37298,23
video_37310,7
video_37343,9
video_37384,22
video_37409,32
video_37482,23
video_3753,17
video_37547,9
video_3756,10
video_37600,31
video_37614,10
video_37628,24
video_37671,17
video_37695,28
video_37699,29
video_37711,22
video_37758,18
video_37760,31
video_37840,1
video_37852,5
video_37866,0
video_37874,22
video_37877,1
video_37961,18
video_3798,32
video_37993,9
video_37999,29
video_38067,28
video_38077,7
video_38078,8
video_38107,32
video_38126,9
video_38129,32
video_38132,10
video_38227,9
video_3824,1
video_38268,12
video_38294,0
video_38319,19
video_38320,31
video_38330,7
video_38334,1
video_38354,12
video_38360,30
video_3841,12
video_38468,12
video_38478,31
video_38480,23
video_38492,30
video_38536,29
video_38544,24
video_38582,6
video_38618,3
video_3864,31
video_38647,21
video_38652,32
video_38663,1
video_38670,1
video_38706,20
video_38739,29
video_38773,15
video_38790,8
video_38809,4
video_38812,7
video_38818,7
video_38858,31
video_38938,28
video_39058,2
video_39059,1
video_39069,30
video_39072,6
video_39114,29
video_39115,21
video_39116,28
video_39121,29
video_39149,4
video_39188,6
video_39226,30
video_39253,19
video_3926,24
video_39272,30
video_39279,20
video_39304,1
video_39340,20
video_39341,24
video_39373,31
video_39419,23
video_39428,8
video_39442,1
video_39545,18
video_3956,7
video_39571,5
video_39582,30
video_39609,4
video_39633,10
video_39649,32
video_39677,2
video_3975,22
video_3980,28
video_3981,20
video_39821,1
video_39953,17
video_400,4
video_4000,4
video_40017,14
video_40060,5
video_401,4
video_40100,5
video_40160,31
video_40188,10
video_4022,22
video_40248,21
video_40289,22
video_40300,25
video_40325,12
video_40362,5
video_40364,13
video_40429,30
video_40436,14
video_40490,4
video_40497,5
video_40508,29
video_40546,30
video_40552,29
video_40572,19
video_40687,18
video_40692,8
video_407,25
video_40762,9
video_40763,28
video_40765,31
video_40829,6
video_4085,30
video_40866,8
video_40892,15
video_40900,20
video_40943,29
video_40975,12
video_40988,17
video_41018,5
video_41092,3
video_41122,10
video_41146,7
video_41152,28
video_41164,31
video_41249,12
video_41251,12
video_41258,0
video_4127,30
video_41281,29
video_41283,28
video_41317,1
video_41451,14
video_41461,19
video_4148,29
video_41484,28
video_4149,5
video_41525,1
video_41532,0
video_41533,30
video_41562,14
video_4157,17
video_41589,19
video_41606,30
video_41751,4
video_41763,4
video_41770,22
video_41808,12
video_41905,13
video_41976,30
video_4200,9
video_42023,9
video_42099,28
video_42177,1
video_42221,20
video_42261,6
video_42270,29
video_42288,21
video_4229,30
video_42307,10
video_42364,25
video_42386,30
video_42460,30
video_42476,4
video_42525,12
video_42622,6
video_42646,17
video_42703,31
video_42711,9
video_42719,29
video_42724,12
video_42726,1
video_42757,10
video_42779,4
video_43,7
video_43003,9
video_43028,29
video_43029,13
video_43030,28
video_4304,7
video_4306,7
video_4307,23
video_43114,28
video_4315,32
video_43242,32
video_43244,6
video_43250,15
video_43339,24
video_43388,23
video_43394,6
video_43399,24
video_43402,25
video_43427,1
video_43452,8
video_43457,28
video_43485,4
video_4350,9
video_43622,29
video_43649,0
video_43667,28
video_43670,10
video_43746,25
video_43753,29
video_43762,2
video_43789,12
video_438,6
video_43897,8
video_4390,9
video_43903,28
video_43921,30
video_43947,31
video_43974,23
video_43997,29
video_43998,4
video_44001,4
video_44011,4
video_44013,5
video_44030,1
video_44062,31
video_4408,9
video_44120,30
video_44124,21
video_44178,0
video_44216,5
video_44272,5
video_4428,22
video_44384,9
video_44406,17
video_44417,24
video_4449,24
video_44490,25
video_4450,6
video_44535,0
video_44541,0
video_44569,23
video_44584,29
video_44642,5
video_44646,0
video_44654,28
video_44678,28
video_44761,30
video_44764,30
video_44779,9
video_44783,24
video_44790,15
video_44791,20
video_44805,9
video_44874,17
video_4489,23
video_44920,20
video_44944,28
video_45003,28
video_45029,15
video_45071,1
video_45101,22
video_45117,21
video_45173,5
video_45218,28
video_45245,30
video_45271,20
video_45280,12
video_45289,14
video_45296,1
video_45359,4
video_45360,9
video_45380,1
video_45407,25
video_45439,20
video_45498,9
video_45555,30
video_45576,28
video_45591,14
video_45601,22
video_4568,28
video_45798,9
video_45804,20
video_45810,20
video_45831,6
video_45832,24
video_45875,8
video_4588,24
video_45881,2
video_45924,8
video_46019,30
video_46023,28
video_46024,5
video_46047,31
video_46070,9
video_46093,29
video_46133,14
video_46152,32
video_46198,30
video_4626,7
video_46286,7
video_46340,1
video_46347,28
video_46393,24
video_46495,22
video_46499,30
video_46502,28
video_46503,23
video_46565,22
video_46570,2
video_46615,31
video_46635,2
video_46652,12
video_46656,30
video_46664,29
video_4671,9
video_46758,9
video_46759,0
video_46773,31
video_46821,23
video_46857,31
video_4688,24
video_46896,23
video_46931,4
video_46956,5
video_46959,31
video_46981,28
video_47012,32
video_47020,19
video_47048,12
video_47053,12
video_47084,29
video_47103,7
video_47178,23
video_47201,10
video_47202,7
video_47213,28
video_47228,16
video_47231,31
video_47250,1
video_47275,30
video_47287,1
video_47334,6
video_4735,30
video_47418,8
video_47448,30
video_47449,31
video_47516,9
video_47525,10
video_47543,0
video_47591,23
video_47617,29
video_47705,30
video_47719,4
video_47745,30
video_47790,18
video_47807,31
video_47874,28
video_47876,20
video_47933,28
video_47948,12
video_47967,28
video_47968,20
video_47970,8
video_47974,31
video_48000,31
video_48043,29
video_48054,7
video_48079,0
video_48116,20
video_48124,18
video_48139,15
video_48174,20
video_48232,7
video_48245,21
video_48247,22
video_48260,2
video_48285,5
video_48287,21
video_48330,23
video_48338,31
video_48365,20
video_48374,9
video_4842,30
video_48447,24
video_48463,28
video_48471,14
video_48496,23
video_48529,4
video_48543,28
video_48546,1
video_48557,7
video_48571,30
video_48576,3
video_48616,31
video_48683,3
video_48719,31
video_48729,19
video_4873,29
video_48804,7
video_48834,32
video_48925,1
video_49011,3
video_4905,29
video_49067,0
video_4915,7
video_49218,2
video_4928,6
video_49296,17
video_49328,18
video_49361,30
video_4950,7
video_49512,30
video_49513,30
video_49531,5
video_49535,10
video_49575,1
video_49618,17
video_49621,6
video_49628,30
video_49685,4
video_49732,29
video_49736,21
video_498,1
video_4988,1
video_49928,8
video_50049,20
video_50057,9
video_50058,24
video_50060,6
video_50062,9
video_50101,3
video_5011,7
video_50119,5
video_50130,5
video_50145,14
video_50161,20
video_50176,5
video_50209,28
video_50248,17
video_50255,30
video_50287,22
video_50314,4
video_50357,18
video_50407,29
video_50442,6
video_5061,21
video_50611,9
video_50622,1
video_50684,1
video_50685,5
video_50687,7
video_50714,20
video_50761,23
video_50768,14
video_50778,12
video_50801,31
video_50809,22
video_50813,14
video_50819,8
video_50827,10
video_50861,30
video_50898,24
video_50948,0
video_50960,31
video_50979,30
video_51001,9
video_51006,23
video_51086,31
video_51154,20
video_51161,31
video_51182,1
video_51235,4
video_51293,5
video_51326,1
video_51341,28
video_51344,20
video_51377,32
video_51447,0
video_51471,8
video_51603,20
video_51612,14
video_51643,31
video_51665,21
video_51667,28
video_51680,31
video_51699,6
video_51735,29
video_51827,5
video_51840,31
video_5185,6
video_51878,30
video_51887,24
video_51894,1
video_51964,30
video_51980,21
video_51987,4
video_52006,6
video_52011,6
video_52012,25
video_52021,30
video_52030,8
video_52033,0
video_5204,10
video_52045,1
video_52110,1
video_52116,1
video_52123,10
video_52126,31
video_52177,31
video_52227,21
video_52282,30
video_52291,30
video_52389,0
video_52429,0
video_52434,31
video_52459,1
video_52471,1
video_52473,22
video_52476,19
video_52588,22
video_5274,4
video_5290,21
video_52959,19
video_52964,17
video_52988,0
video_53118,1
video_5312,25
video_53228,12
video_53265,5
video_5329,32
video_5332,30
video_53328,25
video_53383,8
video_53389,28
video_53400,0
video_53428,25
video_53439,20
video_53449,7
video_53450,0
video_53486,10
video_53513,30
video_53516,9
video_53517,31
video_53563,9
video_5359,2
video_53632,13
video_53669,1
video_53704,19
video_53732,12
video_53767,29
video_53831,12
video_5386,6
video_53876,24
video_53892,19
video_53894,19
video_53910,23
video_53914,14
video_53991,0
video_54035,9
video_54055,32
video_54151,21
video_5418,1
video_54197,29
video_54255,9
video_54317,28
video_54345,2
video_54369,30
video_54381,31
video_54395,21
video_54408,18
video_54411,1
video_54448,1
video_54498,14
video_54532,5
video_54760,10
video_54774,10
video_54902,2
video_54910,9
video_54927,4
video_54948,2
video_5496,24
video_550,1
video_55005,7
video_55021,1
video_5506,4
video_55215,21
video_55223,5
video_55237,15
video_55249,29
video_55277,29
video_55279,3
video_55298,0
video_55312,19
video_55324,8
video_55327,0
video_55344,1
video_55514,22
video_55517,28
video_55547,10
video_5557,6
video_55593,30
video_55630,7
video_55692,28
video_55746,23
video_55751,22
video_55772,22
video_55785,1
video_55816,9
video_55822,12
video_5583,8
video_55830,32
video_5584,22
video_55843,24
video_55845,8
video_55853,24
video_5586,4
video_55876,20
video_55887,20
video_55892,5
video_5592,21
video_56009,20
video_5601,3
video_56016,1
video_5607,21
video_56082,7
video_56096,29
video_56139,10
video_56153,19
video_56172,29
video_56174,22
video_56176,12
video_5619,31
video_56198,10
video_56209,4
video_56217,31
video_56218,17
video_56242,9
video_56246,22
video_56253,9
video_56338,28
video_56358,30
video_56365,1
video_56375,30
video_56377,1
video_56390,30
video_56416,20
video_56448,17
video_56450,28
video_56459,8
video_56460,4
video_56474,22
video_56556,14
video_56574,28
video_56600,9
video_56662,19
video_56665,30
video_56745,12
video_56746,6
video_56753,0
video_56756,12
video_5683,8
video_56878,2
video_56921,31
video_56998,8
video_57008,29
video_57058,18
video_57064,5
video_57101,28
video_57117,1
video_57166,18
video_57168,1
video_57171,10
video_57187,30
video_57253,9
video_57275,31
video_57308,15
video_5731,31
video_57349,0
video_57361,0
video_57376,20
video_57416,31
video_57422,8
video_57443,22
video_57538,31
video_57568,8
video_57584,5
video_57591,20
video_57616,31
video_57623,1
video_5763,4
video_57632,8
video_57648,20
video_5768,22
video_57700,30
video_57769,30
video_57789,29
video_57817,22
video_57839,7
video_5784,18
video_57893,30
video_57954,14
video_57968,30
video_57987,4
video_58087,7
video_5809,4
video_58103,19
video_58117,29
video_58153,4
video_58219,31
video_58318,9
video_58333,4
video_58334,25
video_58364,6
video_58421,14
video_58454,25
video_58516,28
video_58518,31
video_58529,31
video_58534,22
video_58670,5
video_58701,9
video_58719,21
video_58731,23
video_58743,10
video_58746,28
video_58798,29
video_58799,32
video_588,31
video_58882,17
video_58885,23
video_58998,22
video_59000,9
video_59016,19
video_59025,29
video_59032,8
video_59118,30
video_59119,31
video_59155,8
video_59157,32
video_5917,5
video_59178,5
video_59196,5
video_59228,12
video_59251,28
video_59265,12
video_59292,0
video_59314,23
video_59317,29
video_59346,31
video_59394,8
video_59402,4
video_59463,29
video_59496,22
video_59518,30
video_59519,12
video_59561,25
video_596,0
video_59604,3
video_59608,30
video_59609,14
video_59653,1
video_59677,0
video_59747,22
video_59877,14
video_59914,0
video_59928,30
video_59963,22
video_59980,10
video_59997,20
video_60054,12
video_60061,14
video_60080,6
video_60146,9
video_60161,4
video_60190,10
video_60211,12
video_6027,1
video_60319,21
video_60369,30
video_60390,18
video_604,1
video_60405,1
video_60427,12
video_60429,6
video_607,20
video_60773,6
video_60783,6
video_60840,22
video_60858,0
video_60876,4
video_60926,22
video_61026,1
video_61035,6
video_61048,23
video_61049,28
video_61066,30
video_61100,30
video_61120,31
video_61161,0
video_61197,4
video_61200,5
video_61209,4
video_61249,17
video_61280,9
video_61302,7
video_61332,1
video_61340,1
video_61350,1
video_61368,31
video_61376,12
video_61432,31
video_61555,21
video_61556,17
video_61571,4
video_6158,30
video_61581,0
video_61582,12
video_6160,14
video_61663,22
video_61689,29
video_61732,0
video_61793,8
video_61848,12
video_61872,5
video_61971,20
video_62014,12
video_62020,1
video_62034,10
video_6204,29
video_62040,30
video_62046,2
video_62139,19
video_62172,31
video_62342,29
video_6235,6
video_62363,30
video_62390,1
video_62400,23
video_62405,29
video_6250,7
video_62520,9
video_62574,20
video_62585,1
video_62635,3
video_62749,7
video_62847,24
video_62851,23
video_62876,2
video_6289,11
video_62917,10
video_62975,1
video_62988,22
video_62997,0
video_63028,30
video_63052,4
video_63066,1
video_63074,25
video_63075,9
video_63079,1
video_63144,5
video_63149,24
video_63169,0
video_6324,21
video_63329,31
video_63339,19
video_63505,23
video_63507,4
video_63511,8
video_63513,1
video_63574,13
video_63576,19
video_63583,5
video_63592,30
video_63601,32
video_63602,18
video_63603,30
video_63627,30
video_63649,2
video_63690,31
video_63701,14
video_6372,30
video_63727,0
video_63748,18
video_63768,30
video_63799,12
video_63835,17
video_63845,29
video_63856,12
video_63865,9
video_63868,21
video_63958,30
video_63968,21
video_63994,8
video_64000,32
video_64004,20
video_64010,1
video_64093,31
video_64183,28
video_64200,30
video_64242,7
video_64247,1
video_64275,4
video_64283,22
video_64318,8
video_64354,30
video_64364,32
video_64468,9
video_64536,10
video_64579,8
video_64653,12
video_64659,30
video_64670,19
video_64676,4
video_64698,4
video_64772,12
video_64782,15
video_64844,20
video_64866,15
video_6487,2
video_64891,5
video_64896,18
video_64936,30
video_64939,31
video_64946,3
video_64954,32
video_64984,7
video_65057,8
video_65079,29
video_65103,29
video_65136,21
video_65190,3
video_65236,29
video_65242,1
video_65243,0
video_65246,28
video_6528,5
video_65288,5
video_65305,6
video_65332,0
video_65353,9
video_65392,31
video_65427,7
video_65438,8
video_65447,31
video_65451,28
video_65452,30
video_65474,6
video_65528,31
video_6558,29
video_65587,32
video_656,1
video_65624,29
video_65686,12
video_65750,20
video_65773,9
video_65774,17
video_65782,10
video_65786,2
video_65791,5
video_65795,2
video_65840,8
video_65938,29
video_6595,21
video_66001,31
video_66023,7
video_66053,9
video_66075,4
video_66133,7
video_66148,5
video_6615,5
video_66151,30
video_66177,4
video_66210,2
video_66249,9
video_66265,1
video_66275,8
video_66330,32
video_66350,10
video_66375,5
video_66441,5
video_66483,12
video_66515,8
video_66537,6
video_66553,21
video_66567,12
video_66697,30
video_66709,1
video_66718,22
video_6672,19
video_66762,29
video_66805,30
video_66830,7
video_66862,12
video_66910,28
video_66933,6
video_66959,9
video_66980,23
video_66984,30
video_67027,28
video_67086,8
video_67105,1
video_67172,21
video_67204,9
video_67256,29
video_67258,24
video_6727,22
video_67290,29
video_67330,8
video_67364,4
video_67374,6
video_67383,1
video_67429,4
video_67473,6
video_67484,28
video_67497,0
video_675,9
video_67509,8
video_67518,28
video_67568,30
video_67614,2
video_67625,0
video_67686,24
video_67690,10
video_67701,24
video_67705,23
video_67713,12
video_67731,31
video_67765,17
video_67773,9
video_67803,30
video_6783,17
video_67857,2
video_6786,22
video_67861,30
video_67892,28
video_67998,31
video_68002,28
video_68018,1
video_68052,20
video_68055,29
video_68092,24
video_68104,8
video_6811,31
video_68113,21
video_68141,5
video_68190,29
video_68286,15
video_68320,22
video_68337,31
video_68347,5
video_6843,7
video_6850,23
video_68532,2
video_68535,5
video_6859,9
video_68590,31
video_68596,12
video_68603,23
video_68651,21
video_68675,21
video_68813,14
video_68875,12
video_68998,30
video_69014,4
video_69017,5
video_69030,4
video_69100,12
video_69124,7
video_69134,0
video_69200,23
video_69278,15
video_6931,23
video_69341,4
video_69343,13
video_69382,14
video_69447,7
video_69509,31
video_69511,2
video_69540,2
video_69549,23
video_69576,5
video_69585,8
video_69588,22
video_6963,21
video_69632,24
video_69640,28
video_69651,15
video_69658,25
video_69670,14
video_69684,1
video_69691,4
video_69724,17
video_69738,14
video_69764,25
video_69788,11
video_69842,6
video_69855,2
video_69922,23
video_70012,1
video_70035,3
video_70109,24
video_70113,22
video_70152,25
video_70182,21
video_70197,4
video_7022,29
video_70224,6
video_70237,5
video_70293,5
video_70295,12
video_70319,6
video_70322,30
video_7033,7
video_7035,5
video_70353,6
video_70399,7
video_704,12
video_70460,25
video_70490,31
video_70526,0
video_70605,32
video_70623,32
video_70640,28
video_70698,7
video_70705,14
video_7071,4
video_70715,23
video_70748,29
video_70866,21
video_70893,31
video_70895,5
video_70914,7
video_70933,5
video_70939,2
video_70958,28
video_7102,24
video_71056,24
video_71084,31
video_71123,28
video_7115,4
video_71197,14
video_71258,1
video_71276,23
video_71294,29
video_71310,9
video_71331,29
video_71349,0
video_71367,22
video_71401,7
video_71404,31
video_7141,28
video_71414,31
video_71459,29
video_71569,4
video_71628,8
video_71638,19
video_71663,12
video_71673,24
video_71825,14
video_71828,25
video_71866,12
video_71946,9
video_72000,9
video_72017,22
video_72039,5
video_72071,7
video_72090,21
video_72111,30
video_72133,29
video_72161,20
video_72191,30
video_7235,24
video_72405,22
video_72578,7
video_72591,31
video_72597,20
video_72621,4
video_72650,30
video_72683,9
video_72713,9
video_72732,18
video_72740,12
video_72752,2
video_72762,1
video_72771,31
video_72781,12
video_72881,0
video_72933,4
video_7294,9
video_72984,10
video_730,25
video_73004,10
video_73013,20
video_73015,19
video_73041,2
video_73050,3
video_73077,23
video_73079,15
video_73084,23
video_73162,8
video_73178,19
video_73203,28
video_73230,23
video_73251,31
video_73254,6
video_7328,1
video_73280,5
video_73304,10
video_73389,23
video_73400,3
video_73443,23
video_7346,9
video_73533,23
video_73562,3
video_7357,29
video_73614,12
video_73626,22
video_73645,9
video_73648,7
video_73659,25
video_73694,0
video_73704,10
video_73731,22
video_73748,0
video_73768,6
video_73772,9
video_73783,5
video_73910,24
video_73956,1
video_7397,4
video_7400,30
video_74011,6
video_74030,1
video_74040,29
video_74043,31
video_7409,28
video_74093,18
video_74159,19
video_74161,23
video_74174,23
video_74212,9
video_74215,7
video_74223,30
video_74244,9
video_74361,4
video_74368,28
video_74373,18
video_74410,8
video_74417,10
video_74490,3
video_74501,4
video_74502,2
video_74553,6
video_74597,23
video_74609,1
video_74622,2
video_74646,4
video_74677,13
video_7468,12
video_74693,23
video_74700,31
video_74722,0
video_74780,20
video_74781,18
video_74784,10
video_74806,20
video_74867,29
video_74903,23
video_74958,5
video_74974,1
video_75041,12
video_75059,30
video_75070,6
video_7511,23
video_75128,21
video_75133,8
video_75144,1
video_75182,9
video_75222,22
video_7524,3
video_75286,5
video_75300,31
video_75329,31
video_75363,25
video_75365,31
video_75406,31
video_75427,30
video_75448,20
video_75507,6
video_75534,28
video_75616,22
video_75694,19
video_75711,22
video_75726,4
video_75729,23
video_75765,32
video_75799,8
video_75813,24
video_75853,28
video_75862,9
video_75956,30
video_75968,20
video_76001,14
video_76018,0
video_76052,4
video_76067,4
video_76085,30
video_76092,30
video_76205,4
video_76236,23
video_76248,7
video_76251,29
video_76279,9
video_76348,22
video_76350,3
video_7641,29
video_76481,3
video_76486,0
video_76539,29
video_7656,19
video_76586,9
video_7666,6
video_76674,29
video_76717,1
video_76778,8
video_76783,29
video_76826,1
video_7684,14
video_76898,7
video_76909,19
video_76927,30
video_76947,14
video_76958,1
video_76960,30
video_76997,9
video_77034,0
video_77040,10
video_77102,14
video_77156,29
video_77160,7
video_77189,8
video_77232,28
video_77251,0
video_7735,20
video_77352,10
video_77372,21
video_77385,3
video_774,9
video_77411,28
video_77423,1
video_77430,21
video_77448,31
video_7745,0
video_77464,31
video_77498,3
video_77504,1
video_77540,24
video_77613,20
video_77645,29
video_77658,1
video_77663,12
video_7768,21
video_77747,5
video_77776,28
video_77830,7
video_77836,24
video_77837,4
video_77838,29
video_77845,31
video_77910,20
video_77920,30
video_77952,1
video_77969,5
video_77985,4
video_77996,14
video_78005,8
video_78016,9
video_78033,6
video_78079,7
video_78130,6
video_78163,23
video_78182,20
video_78186,30
video_78210,8
video_78228,5
video_78349,9
video_78366,20
video_78411,1
video_78412,6
video_78440,7
video_78442,24
video_78514,9
video_78525,20
video_78547,3
video_78562,31
video_78653,0
video_78668,9
video_78686,32
video_78702,4
video_78703,8
video_78715,6
video_78785,14
video_78824,18
video_78832,5
video_78860,28
video_78920,1
video_78923,30
video_78924,23
video_78962,10
video_78965,2
video_78972,4
video_78976,21
video_79009,29
video_79046,4
video_79081,8
video_79095,30
video_79142,8
video_79176,18
video_79183,10
video_79238,4
video_79245,1
video_79278,9
video_7930,1
video_79326,1
video_79346,9
video_79348,28
video_79359,30
video_79360,19
video_79367,23
video_79391,30
video_79394,0
video_79409,2
video_79450,31
video_79461,9
video_79475,12
video_7948,9
video_79494,9
video_79527,6
video_79568,6
video_79573,0
video_79580,5
video_79622,12
video_79657,22
video_79691,8
video_79722,6
video_79727,5
video_79745,1
video_79756,30
video_79772,20
video_79853,22
video_79881,8
video_79929,29
video_7995,24
video_80017,6
video_80018,29
video_80056,5
video_80137,30
video_80164,28
video_80192,20
video_80314,14
video_80355,9
video_80381,6
video_80467,6
video_80493,5
video_80499,25
video_80516,31
video_80541,14
video_80546,1
video_80616,9
video_80682,14
video_80719,14
video_80809,30
video_8081,28
video_80827,14
video_80830,9
video_80832,28
video_80887,31
video_80903,5
video_80914,9
video_8093,17
video_80942,20
video_80949,14
video_81015,30
video_81077,20
video_81125,31
video_81174,8
video_81178,5
video_81197,12
video_8125,9
video_81288,28
video_81302,14
video_81331,1
video_81344,12
video_81349,4
video_81362,9
video_81364,5
video_81451,7
video_81458,4
video_81491,31
video_8150,31
video_81504,5
video_81535,20
video_81557,30
video_81560,10
video_81581,9
video_81663,4
video_81768,1
video_81770,20
video_81779,12
video_81808,29
video_81831,12
video_81903,29
video_81917,0
video_81936,30
video_81963,8
video_81995,1
video_81997,29
video_82044,8
video_82084,23
video_82127,28
video_82232,21
video_82233,2
video_82254,8
video_82258,1
video_8226,24
video_82315,5
video_8241,0
video_8243,10
video_82462,28
video_82473,0
video_82490,0
video_82495,20
video_82565,3
video_82569,22
video_82600,2
video_82629,1
video_82716,4
video_82728,12
video_82730,23
video_82731,32
video_82759,5
video_82832,18
video_82857,23
video_82925,5
video_82932,31
video_83062,24
video_8311,0
video_83148,9
video_83173,0
video_83231,10
video_83326,1
video_83328,23
video_83337,32
video_83357,31
video_83408,10
video_83497,4
video_83534,31
video_83575,8
video_83596,1
video_83631,31
video_83643,17
video_83647,1
video_8365,1
video_83670,0
video_83672,6
video_83721,0
video_8373,22
video_83738,30
video_83771,31
video_83782,4
video_83808,2
video_83849,14
video_83889,14
video_83927,29
video_8396,31
video_84010,22
video_84022,0
video_84033,8
video_84084,12
video_84096,29
video_84183,1
video_84193,6
video_8423,1
video_84319,19
video_84411,28
video_84470,1
video_84525,14
video_84566,23
video_84583,1
video_8459,20
video_84591,22
video_84624,2
video_84630,31
video_84648,29
video_84798,0
video_84850,9
video_84852,5
video_84922,0
video_85126,1
video_85183,4
video_85228,8
video_85271,7
video_85272,1
video_85278,5
video_85325,2
video_85343,28
video_85383,32
video_85439,22
video_85449,4
video_85471,31
video_85550,29
video_85552,30
video_85566,20
video_85613,6
video_85627,9
video_85633,0
video_85666,12
video_8567,28
video_85672,22
video_85714,32
video_8573,2
video_85737,10
video_8574,30
video_85751,8
video_85824,9
video_85849,0
video_85850,7
video_85904,6
video_85933,30
video_85987,8
video_86020,20
video_86023,22
video_86034,1
video_86077,2
video_86123,19
video_86151,6
video_86160,25
video_86176,32
video_86254,22
video_86262,8
video_86349,32
video_86386,8
video_8639,10
video_86441,31
video_86478,4
video_86482,25
video_86517,20
video_86552,19
video_866,10
video_86606,2
video_86682,2
video_86712,7
video_86786,4
video_86853,5
video_86865,1
video_86918,31
video_86950,29
video_86973,32
video_86985,23
video_87007,22
video_87046,19
video_87086,0
video_87103,21
video_87113,28
video_87176,14
video_87184,29
video_87277,4
video_87346,19
video_87371,24
video_87391,28
video_87400,5
video_87417,30
video_87431,20
video_87439,24
video_87511,14
video_87573,10
video_87597,10
video_87611,30
video_87614,10
video_87649,9
video_8766,6
video_87667,1
video_87703,20
video_87736,8
video_87780,3
video_87794,9
video_8788,1
video_87908,4
video_87940,13
video_87950,1
video_88016,8
video_8804,0
video_88104,30
video_88136,30
video_88168,30
video_8817,18
video_88176,8
video_88184,29
video_88216,12
video_88224,10
video_88236,8
video_88248,20
video_88391,4
video_88408,31
video_88425,1
video_88455,3
video_88558,30
video_88629,12
video_88674,30
video_88696,6
video_88725,12
video_88727,1
video_88751,21
video_88824,22
video_88831,8
video_88932,31
video_88966,23
video_89029,31
video_89041,20
video_89042,31
video_8907,22
video_89125,23
video_8917,24
video_89186,10
video_89219,9
video_89326,0
video_89345,19
video_89413,28
video_89418,30
video_89441,32
video_89472,18
video_89484,0
video_89516,2
video_89518,29
video_89644,20
video_89664,20
video_89795,20
video_89869,5
video_89885,2
video_89910,9
video_8993,18
video_89941,12
video_89946,29
video_90017,23
video_90020,24
video_9004,14
video_90060,30
video_90072,30
video_90100,21
video_90108,5
video_90176,22
video_90185,20
video_90193,31
video_90245,0
video_90295,22
video_90314,18
video_90343,9
video_90354,3
video_90363,18
video_90389,21
video_90390,12
video_90469,4
video_90499,7
video_90515,23
video_90546,22
video_90606,25
video_9066,19
video_90700,28
video_90716,4
video_90731,4
video_90732,2
video_90750,28
video_90760,32
video_90842,9
video_9089,19
video_90923,9
video_90934,30
video_90950,20
video_91027,5
video_91065,20
video_9112,31
video_91121,0
video_91143,1
video_91167,13
video_91243,23
video_91260,12
video_9146,9
video_91487,9
video_9149,5
video_91493,12
video_91501,0
video_91502,25
video_91525,6
video_91550,0
video_91593,20
video_91598,31
video_91620,14
video_91635,22
video_9164,23
video_91651,5
video_91666,20
video_91679,9
video_91686,23
video_91740,31
video_91813,31
video_91845,24
video_9192,28
video_91925,2
video_91928,29
video_91979,29
video_91982,8
video_92015,29
video_92016,0
video_9204,7
video_92054,25
video_92083,7
video_92084,29
video_92106,23
video_92111,12
video_92138,6
video_92170,21
video_92205,14
video_92218,31
video_9224,0
video_923,12
video_92309,20
video_92323,8
video_92332,12
video_92425,29
video_92445,2
video_92513,23
video_92563,23
video_92564,4
video_92582,23
video_92599,7
video_92761,31
video_92766,2
video_92784,12
video_92815,31
video_92876,4
video_92917,1
video_92954,15
video_93016,1
video_93065,9
video_93106,31
video_93120,21
video_93136,9
video_93148,9
video_93150,8
video_93173,31
video_9324,3
video_93240,0
video_93289,1
video_93336,25
video_93468,29
video_93477,23
video_93479,31
video_93480,28
video_93488,22
video_93516,8
video_93578,12
video_93703,2
video_93729,12
video_93778,20
video_93791,10
video_93841,9
video_93855,3
video_93887,6
video_93928,5
video_93954,4
video_93968,5
video_94012,0
video_94080,9
video_94084,19
video_94086,19
video_94091,8
video_94094,3
video_94130,31
video_94163,1
video_94164,6
video_9420,29
video_94219,20
video_94266,14
video_94270,4
video_943,18
video_94308,31
video_94321,9
video_94379,10
video_9438,4
video_94414,9
video_94440,30
video_94450,5
video_94476,32
video_94489,6
video_94510,5
video_94536,4
video_94564,2
video_9457,4
video_94584,10
video_94593,2
video_94619,25
video_94631,30
video_94680,12
video_94697,20
video_94768,31
video_94772,0
video_94782,0
video_9486,8
video_94864,6
video_94913,21
video_94952,9
video_94973,31
video_95016,17
video_95066,12
video_9507,1
video_95144,4
video_95183,9
video_95207,31
video_95223,28
video_95235,1
video_95247,5
video_95259,23
video_95266,31
video_95292,25
video_95297,29
video_95314,9
video_95316,1
video_9532,9
video_95331,19
video_95373,20
video_95401,9
video_95410,0
video_95417,28
video_9547,9
video_95510,18
video_9562,29
video_95630,29
video_95687,28
video_9573,4
video_95735,29
video_95799,28
video_95806,29
video_95810,9
video_95823,0
video_95832,1
video_95850,31
video_95854,23
video_95871,5
video_95887,23
video_95988,13
video_95994,18
video_96046,21
video_9607,18
video_96121,20
video_96131,9
video_96176,13
video_96194,7
video_96235,29
video_96262,30
video_96264,20
video_96269,28
video_96301,5
video_96304,28
video_96335,1
video_96351,19
video_96352,12
video_96403,30
video_96418,20
video_96432,29
video_96435,24
video_96439,1
video_96470,31
video_965,20
video_96501,8
video_96504,30
video_9651,22
video_96514,20
video_96630,23
video_96631,30
video_96637,28
video_96668,5
video_96673,23
video_96680,18
video_967,7
video_9673,19
video_96757,29
video_96761,31
video_96791,1
video_96896,4
video_97004,31
video_97011,28
video_9702,28
video_97026,29
video_97079,10
video_971,12
video_97107,7
video_97167,23
video_97188,4
video_97212,18
video_9724,1
video_97246,5
video_97249,25
video_97286,4
video_97317,18
video_97319,20
video_97328,20
video_97338,20
video_97404,17
video_97411,18
video_97500,10
video_97508,23
video_97514,24
video_97528,22
video_9755,17
video_97627,14
video_97648,1
video_97664,13
video_97758,14
video_97785,23
video_97787,3
video_97864,5
video_97867,30
video_97890,12
video_97956,10
video_97962,8
video_97989,7
video_97990,1
video_98004,2
video_98006,23
video_98064,29
video_98112,14
video_98115,3
video_98138,7
video_98180,8
video_98189,30
video_98289,0
video_98319,7
video_98372,9
video_98373,10
video_98387,0
video_984,1
video_98406,24
video_98424,28
video_98427,8
video_98461,31
video_98471,29
video_98496,28
video_98502,23
video_98504,9
video_98515,20
video_98556,22
video_98565,7
video_98673,1
video_98693,25
video_98711,1
video_98737,1
video_98752,14
video_98762,7
video_98779,9
video_98798,1
video_98807,1
video_98808,9
video_98826,8
video_98856,1
video_98911,21
video_98921,2
video_98950,4
video_98988,24
video_98990,30
video_99015,23
video_99017,30
video_99044,20
video_99058,20
video_9909,29
video_99121,4
video_99153,7
video_99171,20
video_9918,12
video_99188,20
video_99220,29
video_99228,23
video_99230,12
video_99254,30
video_99305,1
video_99315,30
video_99317,30
video_99328,18
video_99335,30
video_99379,29
video_9941,29
video_99412,1
video_99485,7
video_99503,10
video_99532,31
video_9957,31
video_99570,19
video_99591,22
video_99594,32
video_99595,30
video_99603,30
video_99607,20
video_99619,20
video_99701,9
video_99717,20
video_99789,23
video_99805,18
video_99867,31
video_99870,6
video_99886,0
video_99942,9
video_99953,9
